[
    {
      "constant": true,
      "inputs": [],
      "name": "jurToken",
      "outputs": [
        {
          "name": "",
          "type": "address"
        }
      ],
      "payable": false,
      "stateMutability": "view",
      "type": "function"
    },
    {
      "constant": false,
      "inputs": [],
      "name": "renounceOwnership",
      "outputs": [],
      "payable": false,
      "stateMutability": "nonpayable",
      "type": "function"
    },
    {
      "constant": true,
      "inputs": [],
      "name": "owner",
      "outputs": [
        {
          "name": "",
          "type": "address"
        }
      ],
      "payable": false,
      "stateMutability": "view",
      "type": "function"
    },
    {
      "constant": true,
      "inputs": [
        {
          "name": "",
          "type": "uint256"
        }
      ],
      "name": "arbirations",
      "outputs": [
        {
          "name": "",
          "type": "address"
        }
      ],
      "payable": false,
      "stateMutability": "view",
      "type": "function"
    },
    {
      "constant": false,
      "inputs": [
        {
          "name": "_newOwner",
          "type": "address"
        }
      ],
      "name": "transferOwnership",
      "outputs": [],
      "payable": false,
      "stateMutability": "nonpayable",
      "type": "function"
    },
    {
      "inputs": [
        {
          "name": "_jurToken",
          "type": "address"
        }
      ],
      "payable": false,
      "stateMutability": "nonpayable",
      "type": "constructor"
    },
    {
      "anonymous": false,
      "inputs": [
        {
          "indexed": true,
          "name": "_creator",
          "type": "address"
        },
        {
          "indexed": false,
          "name": "_arbitration",
          "type": "address"
        },
        {
          "indexed": true,
          "name": "_party1",
          "type": "address"
        },
        {
          "indexed": true,
          "name": "_party2",
          "type": "address"
        },
        {
          "indexed": false,
          "name": "_dispersal",
          "type": "uint256[]"
        },
        {
          "indexed": false,
          "name": "_funding",
          "type": "uint256[]"
        },
        {
          "indexed": false,
          "name": "_agreementHash",
          "type": "bytes32"
        }
      ],
      "name": "ArbitrationCreated",
      "type": "event"
    },
    {
      "anonymous": false,
      "inputs": [
        {
          "indexed": true,
          "name": "previousOwner",
          "type": "address"
        }
      ],
      "name": "OwnershipRenounced",
      "type": "event"
    },
    {
      "anonymous": false,
      "inputs": [
        {
          "indexed": true,
          "name": "previousOwner",
          "type": "address"
        },
        {
          "indexed": true,
          "name": "newOwner",
          "type": "address"
        }
      ],
      "name": "OwnershipTransferred",
      "type": "event"
    },
    {
      "constant": false,
      "inputs": [
        {
          "name": "_parties",
          "type": "address[]"
        },
        {
          "name": "_dispersal",
          "type": "uint256[]"
        },
        {
          "name": "_funding",
          "type": "uint256[]"
        },
        {
          "name": "_agreementHash",
          "type": "bytes32"
        }
      ],
      "name": "createArbitration",
      "outputs": [],
      "payable": false,
      "stateMutability": "nonpayable",
      "type": "function"
    },
    {
      "constant": false,
      "inputs": [
        {
          "name": "_jurToken",
          "type": "address"
        }
      ],
      "name": "changeToken",
      "outputs": [],
      "payable": false,
      "stateMutability": "nonpayable",
      "type": "function"
    },
    {
      "constant": true,
      "inputs": [
        {
          "name": "_input",
          "type": "string"
        }
      ],
      "name": "generateHash",
      "outputs": [
        {
          "name": "",
          "type": "bytes32"
        }
      ],
      "payable": false,
      "stateMutability": "pure",
      "type": "function"
    }
  ]
