[
    {
        "constant": false,
        "inputs": [
            {
                "name": "nodeMaster",
                "type": "address"
            },
            {
                "name": "endorsor",
                "type": "address"
            },
            {
                "name": "identity",
                "type": "bytes32"
            }
        ],
        "name": "native_add",
        "outputs": [
            {
                "name": "",
                "type": "bool"
            }
        ],
        "payable": false,
        "stateMutability": "nonpayable",
        "type": "function"
    },
    {
        "constant": true,
        "inputs": [
            {
                "name": "nodeMaster",
                "type": "address"
            }
        ],
        "name": "native_isEndorsed",
        "outputs": [
            {
                "name": "",
                "type": "bool"
            }
        ],
        "payable": false,
        "stateMutability": "view",
        "type": "function"
    },
    {
        "constant": true,
        "inputs": [],
        "name": "native_executor",
        "outputs": [
            {
                "name": "",
                "type": "address"
            }
        ],
        "payable": false,
        "stateMutability": "view",
        "type": "function"
    },
    {
        "constant": true,
        "inputs": [
            {
                "name": "nodeMaster",
                "type": "address"
            }
        ],
        "name": "native_next",
        "outputs": [
            {
                "name": "",
                "type": "address"
            }
        ],
        "payable": false,
        "stateMutability": "view",
        "type": "function"
    },
    {
        "constant": false,
        "inputs": [
            {
                "name": "nodeMaster",
                "type": "address"
            }
        ],
        "name": "native_revoke",
        "outputs": [
            {
                "name": "",
                "type": "bool"
            }
        ],
        "payable": false,
        "stateMutability": "nonpayable",
        "type": "function"
    },
    {
        "constant": true,
        "inputs": [
            {
                "name": "nodeMaster",
                "type": "address"
            }
        ],
        "name": "native_get",
        "outputs": [
            {
                "name": "",
                "type": "bool"
            },
            {
                "name": "",
                "type": "address"
            },
            {
                "name": "",
                "type": "bytes32"
            },
            {
                "name": "",
                "type": "bool"
            }
        ],
        "payable": false,
        "stateMutability": "view",
        "type": "function"
    },
    {
        "constant": true,
        "inputs": [],
        "name": "native_first",
        "outputs": [
            {
                "name": "",
                "type": "address"
            }
        ],
        "payable": false,
        "stateMutability": "view",
        "type": "function"
    }
]