[
    {
        "constant": false,
        "inputs": [
            {
                "name": "model",
                "type": "bytes32"
            },
            {
                "name": "EFBL",
                "type": "uint256"
            },
            {
                "name": "EFPL",
                "type": "uint256"
            },
            {
                "name": "OFPL",
                "type": "uint256"
            },
            {
                "name": "LEy",
                "type": "uint256"
            }
        ],
        "name": "setEmissionFactors",
        "outputs": [],
        "payable": false,
        "stateMutability": "nonpayable",
        "type": "function"
    },
    {
        "constant": true,
        "inputs": [
            {
                "name": "model",
                "type": "bytes32"
            },
            {
                "name": "DD",
                "type": "uint256"
            },
            {
                "name": "SEC",
                "type": "uint256"
            },
            {
                "name": "SFC",
                "type": "uint256"
            }
        ],
        "name": "calc",
        "outputs": [
            {
                "name": "res",
                "type": "uint256"
            }
        ],
        "payable": false,
        "stateMutability": "view",
        "type": "function"
    },
    {
        "constant": true,
        "inputs": [],
        "name": "owner",
        "outputs": [
            {
                "name": "",
                "type": "address"
            }
        ],
        "payable": false,
        "stateMutability": "view",
        "type": "function"
    },
    {
        "constant": true,
        "inputs": [
            {
                "name": "model",
                "type": "bytes32"
            }
        ],
        "name": "getEmissionFactors",
        "outputs": [
            {
                "name": "",
                "type": "uint8"
            },
            {
                "name": "",
                "type": "uint256"
            },
            {
                "name": "",
                "type": "uint256"
            },
            {
                "name": "",
                "type": "uint256"
            },
            {
                "name": "",
                "type": "uint256"
            }
        ],
        "payable": false,
        "stateMutability": "view",
        "type": "function"
    },
    {
        "constant": false,
        "inputs": [
            {
                "name": "model",
                "type": "bytes32"
            },
            {
                "name": "irt",
                "type": "uint8"
            }
        ],
        "name": "setIRt",
        "outputs": [],
        "payable": false,
        "stateMutability": "nonpayable",
        "type": "function"
    },
    {
        "constant": true,
        "inputs": [],
        "name": "MODEL_ID",
        "outputs": [
            {
                "name": "",
                "type": "uint32"
            }
        ],
        "payable": false,
        "stateMutability": "view",
        "type": "function"
    },
    {
        "constant": false,
        "inputs": [
            {
                "name": "newOwner",
                "type": "address"
            }
        ],
        "name": "transferOwnership",
        "outputs": [],
        "payable": false,
        "stateMutability": "nonpayable",
        "type": "function"
    },
    {
        "anonymous": false,
        "inputs": [
            {
                "indexed": false,
                "name": "model",
                "type": "bytes32"
            },
            {
                "indexed": false,
                "name": "pos",
                "type": "uint8"
            },
            {
                "indexed": false,
                "name": "value",
                "type": "uint256"
            }
        ],
        "name": "FactorChanged",
        "type": "event"
    },
    {
        "anonymous": false,
        "inputs": [
            {
                "indexed": true,
                "name": "previousOwner",
                "type": "address"
            },
            {
                "indexed": true,
                "name": "newOwner",
                "type": "address"
            }
        ],
        "name": "OwnershipTransferred",
        "type": "event"
    }
]
