[
    {
        "anonymous": false,
        "inputs": [
            {
                "indexed": true,
                "internalType": "uint8",
                "name": "datasetId",
                "type": "uint8"
            },
            {
                "indexed": false,
                "internalType": "address",
                "name": "contractAddr",
                "type": "address"
            }
        ],
        "name": "DatasetChanged",
        "type": "event"
    },
    {
        "anonymous": false,
        "inputs": [
            {
                "indexed": true,
                "internalType": "address",
                "name": "oldOwner",
                "type": "address"
            },
            {
                "indexed": true,
                "internalType": "address",
                "name": "newOwner",
                "type": "address"
            }
        ],
        "name": "OwnershipTransferred",
        "type": "event"
    },
    {
        "anonymous": false,
        "inputs": [
            {
                "indexed": true,
                "internalType": "uint8",
                "name": "datasetId",
                "type": "uint8"
            },
            {
                "indexed": false,
                "internalType": "address",
                "name": "policy",
                "type": "address"
            }
        ],
        "name": "PolicyAdded",
        "type": "event"
    },
    {
        "anonymous": false,
        "inputs": [
            {
                "indexed": true,
                "internalType": "uint8",
                "name": "datasetId",
                "type": "uint8"
            }
        ],
        "name": "PolicyReset",
        "type": "event"
    },
    {
        "anonymous": false,
        "inputs": [
            {
                "indexed": true,
                "internalType": "uint8",
                "name": "datasetId",
                "type": "uint8"
            },
            {
                "indexed": false,
                "internalType": "bytes32",
                "name": "key",
                "type": "bytes32"
            },
            {
                "indexed": false,
                "internalType": "bytes",
                "name": "value",
                "type": "bytes"
            },
            {
                "indexed": false,
                "internalType": "bytes",
                "name": "authsig",
                "type": "bytes"
            }
        ],
        "name": "SetBytesWithSig",
        "type": "event"
    },
    {
        "constant": false,
        "inputs": [
            {
                "internalType": "uint8",
                "name": "datasetId",
                "type": "uint8"
            },
            {
                "internalType": "address",
                "name": "policy",
                "type": "address"
            }
        ],
        "name": "appendPolicy",
        "outputs": [],
        "payable": false,
        "stateMutability": "nonpayable",
        "type": "function"
    },
    {
        "constant": true,
        "inputs": [],
        "name": "contractName",
        "outputs": [
            {
                "internalType": "bytes32",
                "name": "",
                "type": "bytes32"
            }
        ],
        "payable": false,
        "stateMutability": "view",
        "type": "function"
    },
    {
        "constant": true,
        "inputs": [
            {
                "internalType": "uint8",
                "name": "datasetId",
                "type": "uint8"
            },
            {
                "internalType": "bytes32",
                "name": "key",
                "type": "bytes32"
            }
        ],
        "name": "get",
        "outputs": [
            {
                "internalType": "bytes",
                "name": "",
                "type": "bytes"
            }
        ],
        "payable": false,
        "stateMutability": "view",
        "type": "function"
    },
    {
        "constant": true,
        "inputs": [
            {
                "internalType": "uint8",
                "name": "datasetId",
                "type": "uint8"
            }
        ],
        "name": "getDataset",
        "outputs": [
            {
                "internalType": "address",
                "name": "",
                "type": "address"
            }
        ],
        "payable": false,
        "stateMutability": "view",
        "type": "function"
    },
    {
        "constant": true,
        "inputs": [
            {
                "internalType": "uint8",
                "name": "datasetId",
                "type": "uint8"
            }
        ],
        "name": "getPolicies",
        "outputs": [
            {
                "internalType": "address[]",
                "name": "",
                "type": "address[]"
            }
        ],
        "payable": false,
        "stateMutability": "view",
        "type": "function"
    },
    {
        "constant": false,
        "inputs": [
            {
                "internalType": "bytes",
                "name": "initData",
                "type": "bytes"
            }
        ],
        "name": "init",
        "outputs": [],
        "payable": false,
        "stateMutability": "nonpayable",
        "type": "function"
    },
    {
        "constant": true,
        "inputs": [],
        "name": "initialOwner",
        "outputs": [
            {
                "internalType": "address",
                "name": "",
                "type": "address"
            }
        ],
        "payable": false,
        "stateMutability": "view",
        "type": "function"
    },
    {
        "constant": false,
        "inputs": [
            {
                "internalType": "uint8",
                "name": "datasetId",
                "type": "uint8"
            },
            {
                "internalType": "bytes",
                "name": "_calldata",
                "type": "bytes"
            }
        ],
        "name": "invoke",
        "outputs": [],
        "payable": false,
        "stateMutability": "nonpayable",
        "type": "function"
    },
    {
        "constant": true,
        "inputs": [
            {
                "internalType": "uint8",
                "name": "datasetId",
                "type": "uint8"
            },
            {
                "internalType": "bytes32",
                "name": "key",
                "type": "bytes32"
            },
            {
                "internalType": "bytes",
                "name": "newValue",
                "type": "bytes"
            }
        ],
        "name": "isAllowedToWrite",
        "outputs": [
            {
                "internalType": "bool",
                "name": "",
                "type": "bool"
            }
        ],
        "payable": false,
        "stateMutability": "view",
        "type": "function"
    },
    {
        "constant": true,
        "inputs": [],
        "name": "owner",
        "outputs": [
            {
                "internalType": "address",
                "name": "",
                "type": "address"
            }
        ],
        "payable": false,
        "stateMutability": "view",
        "type": "function"
    },
    {
        "constant": true,
        "inputs": [],
        "name": "projectId",
        "outputs": [
            {
                "internalType": "bytes32",
                "name": "",
                "type": "bytes32"
            }
        ],
        "payable": false,
        "stateMutability": "view",
        "type": "function"
    },
    {
        "constant": false,
        "inputs": [
            {
                "internalType": "uint8",
                "name": "datasetId",
                "type": "uint8"
            }
        ],
        "name": "resetPolicy",
        "outputs": [],
        "payable": false,
        "stateMutability": "nonpayable",
        "type": "function"
    },
    {
        "constant": false,
        "inputs": [
            {
                "internalType": "uint8",
                "name": "datasetId",
                "type": "uint8"
            },
            {
                "internalType": "bytes32",
                "name": "key",
                "type": "bytes32"
            },
            {
                "internalType": "bytes",
                "name": "value",
                "type": "bytes"
            }
        ],
        "name": "set",
        "outputs": [],
        "payable": false,
        "stateMutability": "nonpayable",
        "type": "function"
    },
    {
        "constant": false,
        "inputs": [
            {
                "internalType": "uint8",
                "name": "datasetId",
                "type": "uint8"
            },
            {
                "internalType": "bytes32",
                "name": "key",
                "type": "bytes32"
            },
            {
                "internalType": "address",
                "name": "value",
                "type": "address"
            }
        ],
        "name": "setAddress",
        "outputs": [],
        "payable": false,
        "stateMutability": "nonpayable",
        "type": "function"
    },
    {
        "constant": false,
        "inputs": [
            {
                "internalType": "uint8",
                "name": "datasetId",
                "type": "uint8"
            },
            {
                "internalType": "bytes32",
                "name": "key",
                "type": "bytes32"
            },
            {
                "internalType": "bytes",
                "name": "newValue",
                "type": "bytes"
            }
        ],
        "name": "setBytes",
        "outputs": [],
        "payable": false,
        "stateMutability": "nonpayable",
        "type": "function"
    },
    {
        "constant": false,
        "inputs": [
            {
                "internalType": "uint8",
                "name": "datasetId",
                "type": "uint8"
            },
            {
                "internalType": "bytes32",
                "name": "key",
                "type": "bytes32"
            },
            {
                "internalType": "bytes32",
                "name": "value",
                "type": "bytes32"
            }
        ],
        "name": "setBytes32",
        "outputs": [],
        "payable": false,
        "stateMutability": "nonpayable",
        "type": "function"
    },
    {
        "constant": false,
        "inputs": [
            {
                "internalType": "uint8",
                "name": "datasetId",
                "type": "uint8"
            },
            {
                "internalType": "address",
                "name": "datasetAddr",
                "type": "address"
            }
        ],
        "name": "setDataset",
        "outputs": [],
        "payable": false,
        "stateMutability": "nonpayable",
        "type": "function"
    },
    {
        "constant": true,
        "inputs": [],
        "name": "setTotal",
        "outputs": [
            {
                "internalType": "uint64",
                "name": "",
                "type": "uint64"
            }
        ],
        "payable": false,
        "stateMutability": "view",
        "type": "function"
    },
    {
        "constant": false,
        "inputs": [
            {
                "internalType": "uint8",
                "name": "datasetId",
                "type": "uint8"
            },
            {
                "internalType": "bytes32",
                "name": "key",
                "type": "bytes32"
            },
            {
                "internalType": "bytes",
                "name": "value",
                "type": "bytes"
            },
            {
                "internalType": "uint32",
                "name": "verifyCode",
                "type": "uint32"
            },
            {
                "internalType": "bytes",
                "name": "authsig",
                "type": "bytes"
            }
        ],
        "name": "setWithAuthSig",
        "outputs": [],
        "payable": false,
        "stateMutability": "nonpayable",
        "type": "function"
    },
    {
        "constant": false,
        "inputs": [
            {
                "internalType": "address",
                "name": "newOwner",
                "type": "address"
            }
        ],
        "name": "transferOwnership",
        "outputs": [],
        "payable": false,
        "stateMutability": "nonpayable",
        "type": "function"
    },
    {
        "constant": true,
        "inputs": [],
        "name": "version",
        "outputs": [
            {
                "internalType": "uint8",
                "name": "",
                "type": "uint8"
            }
        ],
        "payable": false,
        "stateMutability": "view",
        "type": "function"
    }
]