[
  {
    "inputs": [
      {
        "internalType": "address",
        "name": "_factory",
        "type": "address"
      },
      {
        "internalType": "address",
        "name": "_WVET",
        "type": "address"
      }
    ],
    "stateMutability": "nonpayable",
    "type": "constructor"
  },
  {
    "inputs": [],
    "name": "WVET",
    "outputs": [
      {
        "internalType": "address",
        "name": "",
        "type": "address"
      }
    ],
    "stateMutability": "view",
    "type": "function",
    "constant": true
  },
  {
    "inputs": [],
    "name": "factory",
    "outputs": [
      {
        "internalType": "address",
        "name": "",
        "type": "address"
      }
    ],
    "stateMutability": "view",
    "type": "function",
    "constant": true
  },
  {
    "stateMutability": "payable",
    "type": "receive",
    "payable": true
  },
  {
    "inputs": [
      {
        "internalType": "address",
        "name": "tokenA",
        "type": "address"
      },
      {
        "internalType": "address",
        "name": "tokenB",
        "type": "address"
      },
      {
        "internalType": "uint256",
        "name": "liquidity",
        "type": "uint256"
      },
      {
        "internalType": "uint256",
        "name": "amountAMin",
        "type": "uint256"
      },
      {
        "internalType": "uint256",
        "name": "amountBMin",
        "type": "uint256"
      },
      {
        "internalType": "address",
        "name": "to",
        "type": "address"
      },
      {
        "internalType": "uint256",
        "name": "deadline",
        "type": "uint256"
      }
    ],
    "name": "removeLiquidity",
    "outputs": [
      {
        "internalType": "uint256",
        "name": "amountA",
        "type": "uint256"
      },
      {
        "internalType": "uint256",
        "name": "amountB",
        "type": "uint256"
      }
    ],
    "stateMutability": "nonpayable",
    "type": "function"
  },
  {
    "inputs": [
      {
        "internalType": "address",
        "name": "token",
        "type": "address"
      },
      {
        "internalType": "uint256",
        "name": "liquidity",
        "type": "uint256"
      },
      {
        "internalType": "uint256",
        "name": "amountTokenMin",
        "type": "uint256"
      },
      {
        "internalType": "uint256",
        "name": "amountVETMin",
        "type": "uint256"
      },
      {
        "internalType": "address",
        "name": "to",
        "type": "address"
      },
      {
        "internalType": "uint256",
        "name": "deadline",
        "type": "uint256"
      }
    ],
    "name": "removeLiquidityVETSupportingFeeOnTransferTokens",
    "outputs": [
      {
        "internalType": "uint256",
        "name": "amountVET",
        "type": "uint256"
      }
    ],
    "stateMutability": "nonpayable",
    "type": "function"
  },
  {
    "inputs": [
      {
        "internalType": "address",
        "name": "token",
        "type": "address"
      },
      {
        "internalType": "uint256",
        "name": "liquidity",
        "type": "uint256"
      },
      {
        "internalType": "uint256",
        "name": "amountTokenMin",
        "type": "uint256"
      },
      {
        "internalType": "uint256",
        "name": "amountVETMin",
        "type": "uint256"
      },
      {
        "internalType": "address",
        "name": "to",
        "type": "address"
      },
      {
        "internalType": "uint256",
        "name": "deadline",
        "type": "uint256"
      },
      {
        "internalType": "bool",
        "name": "approveMax",
        "type": "bool"
      },
      {
        "internalType": "uint8",
        "name": "v",
        "type": "uint8"
      },
      {
        "internalType": "bytes32",
        "name": "r",
        "type": "bytes32"
      },
      {
        "internalType": "bytes32",
        "name": "s",
        "type": "bytes32"
      }
    ],
    "name": "removeLiquidityVETWithPermitSupportingFeeOnTransferTokens",
    "outputs": [
      {
        "internalType": "uint256",
        "name": "amountVET",
        "type": "uint256"
      }
    ],
    "stateMutability": "nonpayable",
    "type": "function"
  },
  {
    "inputs": [
      {
        "internalType": "uint256",
        "name": "amountIn",
        "type": "uint256"
      },
      {
        "internalType": "uint256",
        "name": "amountOutMin",
        "type": "uint256"
      },
      {
        "internalType": "address[]",
        "name": "path",
        "type": "address[]"
      },
      {
        "internalType": "address",
        "name": "to",
        "type": "address"
      },
      {
        "internalType": "uint256",
        "name": "deadline",
        "type": "uint256"
      }
    ],
    "name": "swapExactTokensForTokensSupportingFeeOnTransferTokens",
    "outputs": [],
    "stateMutability": "nonpayable",
    "type": "function"
  },
  {
    "inputs": [
      {
        "internalType": "uint256",
        "name": "amountOutMin",
        "type": "uint256"
      },
      {
        "internalType": "address[]",
        "name": "path",
        "type": "address[]"
      },
      {
        "internalType": "address",
        "name": "to",
        "type": "address"
      },
      {
        "internalType": "uint256",
        "name": "deadline",
        "type": "uint256"
      }
    ],
    "name": "swapExactVETForTokensSupportingFeeOnTransferTokens",
    "outputs": [],
    "stateMutability": "payable",
    "type": "function",
    "payable": true
  },
  {
    "inputs": [
      {
        "internalType": "uint256",
        "name": "amountIn",
        "type": "uint256"
      },
      {
        "internalType": "uint256",
        "name": "amountOutMin",
        "type": "uint256"
      },
      {
        "internalType": "address[]",
        "name": "path",
        "type": "address[]"
      },
      {
        "internalType": "address",
        "name": "to",
        "type": "address"
      },
      {
        "internalType": "uint256",
        "name": "deadline",
        "type": "uint256"
      }
    ],
    "name": "swapExactTokensForVETSupportingFeeOnTransferTokens",
    "outputs": [],
    "stateMutability": "nonpayable",
    "type": "function"
  },
  {
    "inputs": [
      {
        "internalType": "uint256[]",
        "name": "indexs",
        "type": "uint256[]"
      }
    ],
    "name": "getPairsInfoByIndex",
    "outputs": [
      {
        "internalType": "address[]",
        "name": "pairs",
        "type": "address[]"
      },
      {
        "internalType": "address[]",
        "name": "tokens0",
        "type": "address[]"
      },
      {
        "internalType": "address[]",
        "name": "tokens1",
        "type": "address[]"
      }
    ],
    "stateMutability": "view",
    "type": "function",
    "constant": true
  },
  {
    "inputs": [
      {
        "internalType": "address[]",
        "name": "tokensA",
        "type": "address[]"
      },
      {
        "internalType": "address[]",
        "name": "tokensB",
        "type": "address[]"
      },
      {
        "internalType": "address",
        "name": "user",
        "type": "address"
      }
    ],
    "name": "getPairInfoByTokens",
    "outputs": [
      {
        "internalType": "address[]",
        "name": "pairs",
        "type": "address[]"
      },
      {
        "internalType": "uint256[]",
        "name": "reservesA",
        "type": "uint256[]"
      },
      {
        "internalType": "uint256[]",
        "name": "reservesB",
        "type": "uint256[]"
      },
      {
        "internalType": "uint256[]",
        "name": "supplies",
        "type": "uint256[]"
      },
      {
        "internalType": "uint256[]",
        "name": "balances",
        "type": "uint256[]"
      },
      {
        "internalType": "uint256[]",
        "name": "swapFees",
        "type": "uint256[]"
      }
    ],
    "stateMutability": "view",
    "type": "function",
    "constant": true
  },
  {
    "inputs": [
      {
        "internalType": "address[]",
        "name": "tokensA",
        "type": "address[]"
      },
      {
        "internalType": "address[]",
        "name": "tokensB",
        "type": "address[]"
      },
      {
        "internalType": "address",
        "name": "user",
        "type": "address"
      }
    ],
    "name": "getReservesByTokens",
    "outputs": [
      {
        "internalType": "uint256[]",
        "name": "reservesA",
        "type": "uint256[]"
      },
      {
        "internalType": "uint256[]",
        "name": "reservesB",
        "type": "uint256[]"
      },
      {
        "internalType": "uint256[]",
        "name": "supplies",
        "type": "uint256[]"
      },
      {
        "internalType": "uint256[]",
        "name": "balances",
        "type": "uint256[]"
      }
    ],
    "stateMutability": "view",
    "type": "function",
    "constant": true
  },
  {
    "inputs": [
      {
        "internalType": "address[]",
        "name": "pairs",
        "type": "address[]"
      }
    ],
    "name": "getPairsFeeByPair",
    "outputs": [
      {
        "internalType": "uint256[]",
        "name": "swapFees",
        "type": "uint256[]"
      },
      {
        "internalType": "uint256[]",
        "name": "platformFees",
        "type": "uint256[]"
      }
    ],
    "stateMutability": "view",
    "type": "function",
    "constant": true
  },
  {
    "inputs": [
      {
        "internalType": "address[]",
        "name": "tokensA",
        "type": "address[]"
      },
      {
        "internalType": "address[]",
        "name": "tokensB",
        "type": "address[]"
      }
    ],
    "name": "getPairsFeeByTokens",
    "outputs": [
      {
        "internalType": "address[]",
        "name": "pairs",
        "type": "address[]"
      },
      {
        "internalType": "uint256[]",
        "name": "swapFees",
        "type": "uint256[]"
      },
      {
        "internalType": "uint256[]",
        "name": "platformFees",
        "type": "uint256[]"
      }
    ],
    "stateMutability": "view",
    "type": "function",
    "constant": true
  },
  {
    "inputs": [
      {
        "internalType": "address",
        "name": "tokenA",
        "type": "address"
      },
      {
        "internalType": "address",
        "name": "tokenB",
        "type": "address"
      }
    ],
    "name": "pairFor",
    "outputs": [
      {
        "internalType": "address",
        "name": "pair",
        "type": "address"
      }
    ],
    "stateMutability": "view",
    "type": "function",
    "constant": true
  },
  {
    "inputs": [
      {
        "internalType": "address",
        "name": "tokenA",
        "type": "address"
      },
      {
        "internalType": "address",
        "name": "tokenB",
        "type": "address"
      }
    ],
    "name": "pairFor2",
    "outputs": [
      {
        "internalType": "address",
        "name": "pair",
        "type": "address"
      }
    ],
    "stateMutability": "view",
    "type": "function",
    "constant": true
  },
  {
    "inputs": [
      {
        "internalType": "address",
        "name": "tokenA",
        "type": "address"
      },
      {
        "internalType": "address",
        "name": "tokenB",
        "type": "address"
      }
    ],
    "name": "getSwapFee",
    "outputs": [
      {
        "internalType": "uint256",
        "name": "swapFee",
        "type": "uint256"
      }
    ],
    "stateMutability": "view",
    "type": "function",
    "constant": true
  },
  {
    "inputs": [
      {
        "internalType": "address",
        "name": "tokenA",
        "type": "address"
      },
      {
        "internalType": "address",
        "name": "tokenB",
        "type": "address"
      }
    ],
    "name": "getSwapFee2",
    "outputs": [
      {
        "internalType": "uint256",
        "name": "swapFee",
        "type": "uint256"
      }
    ],
    "stateMutability": "view",
    "type": "function",
    "constant": true
  },
  {
    "inputs": [
      {
        "internalType": "address",
        "name": "tokenA",
        "type": "address"
      },
      {
        "internalType": "address",
        "name": "tokenB",
        "type": "address"
      }
    ],
    "name": "getPlatformFee",
    "outputs": [
      {
        "internalType": "uint256",
        "name": "platformFee",
        "type": "uint256"
      }
    ],
    "stateMutability": "view",
    "type": "function",
    "constant": true
  },
  {
    "inputs": [
      {
        "internalType": "address",
        "name": "tokenA",
        "type": "address"
      },
      {
        "internalType": "address",
        "name": "tokenB",
        "type": "address"
      }
    ],
    "name": "getPlatformFee2",
    "outputs": [
      {
        "internalType": "uint256",
        "name": "platformFee",
        "type": "uint256"
      }
    ],
    "stateMutability": "view",
    "type": "function",
    "constant": true
  },
  {
    "inputs": [
      {
        "internalType": "address",
        "name": "tokenA",
        "type": "address"
      },
      {
        "internalType": "address",
        "name": "tokenB",
        "type": "address"
      }
    ],
    "name": "getReserves",
    "outputs": [
      {
        "internalType": "uint256",
        "name": "reserveA",
        "type": "uint256"
      },
      {
        "internalType": "uint256",
        "name": "reserveB",
        "type": "uint256"
      }
    ],
    "stateMutability": "view",
    "type": "function",
    "constant": true
  },
  {
    "inputs": [
      {
        "internalType": "address",
        "name": "tokenA",
        "type": "address"
      },
      {
        "internalType": "address",
        "name": "tokenB",
        "type": "address"
      }
    ],
    "name": "getReserves2",
    "outputs": [
      {
        "internalType": "uint256",
        "name": "reserve0",
        "type": "uint256"
      },
      {
        "internalType": "uint256",
        "name": "reserve1",
        "type": "uint256"
      }
    ],
    "stateMutability": "view",
    "type": "function",
    "constant": true
  }
]