[{"name": "TokenPurchase", "inputs": [{"type": "address", "name": "buyer", "indexed": true}, {"type": "uint256", "name": "eth_sold", "indexed": true}, {"type": "uint256", "name": "tokens_bought", "indexed": true}], "anonymous": false, "type": "event"}, {"name": "EthPurchase", "inputs": [{"type": "address", "name": "buyer", "indexed": true}, {"type": "uint256", "name": "tokens_sold", "indexed": true}, {"type": "uint256", "name": "eth_bought", "indexed": true}], "anonymous": false, "type": "event"}, {"name": "AddLiquidity", "inputs": [{"type": "address", "name": "provider", "indexed": true}, {"type": "uint256", "name": "eth_amount", "indexed": true}, {"type": "uint256", "name": "token_amount", "indexed": true}], "anonymous": false, "type": "event"}, {"name": "RemoveLiquidity", "inputs": [{"type": "address", "name": "provider", "indexed": true}, {"type": "uint256", "name": "eth_amount", "indexed": true}, {"type": "uint256", "name": "token_amount", "indexed": true}], "anonymous": false, "type": "event"}, {"name": "Transfer", "inputs": [{"type": "address", "name": "_from", "indexed": true}, {"type": "address", "name": "_to", "indexed": true}, {"type": "uint256", "name": "_value", "indexed": false}], "anonymous": false, "type": "event"}, {"name": "Approval", "inputs": [{"type": "address", "name": "_owner", "indexed": true}, {"type": "address", "name": "_spender", "indexed": true}, {"type": "uint256", "name": "_value", "indexed": false}], "anonymous": false, "type": "event"}, {"name": "setup", "outputs": [], "inputs": [{"type": "address", "name": "token_addr"}, {"type": "address", "name": "owner_addr"}, {"type": "uint256", "name": "platform_fee_amount"}, {"type": "uint256", "name": "swap_fee_amount"}, {"type": "uint256", "name": "max_platform_fee"}, {"type": "uint256", "name": "max_swap_fee"}], "constant": false, "payable": false, "type": "function", "gas": 370995}, {"name": "addLiquidity", "outputs": [{"type": "uint256", "name": "out"}], "inputs": [{"type": "uint256", "name": "min_liquidity"}, {"type": "uint256", "name": "max_tokens"}, {"type": "uint256", "name": "deadline"}], "constant": false, "payable": true, "type": "function", "gas": 377094}, {"name": "removeLiquidity", "outputs": [{"type": "uint256", "name": "out"}, {"type": "uint256", "name": "out"}], "inputs": [{"type": "uint256", "name": "amount"}, {"type": "uint256", "name": "min_eth"}, {"type": "uint256", "name": "min_tokens"}, {"type": "uint256", "name": "deadline"}], "constant": false, "payable": false, "type": "function", "gas": 409460}, {"name": "__default__", "outputs": [], "inputs": [], "constant": false, "payable": true, "type": "function"}, {"name": "ethToTokenSwapInput", "outputs": [{"type": "uint256", "name": "out"}], "inputs": [{"type": "uint256", "name": "min_tokens"}, {"type": "uint256", "name": "deadline"}], "constant": false, "payable": true, "type": "function", "gas": 16399}, {"name": "ethToTokenTransferInput", "outputs": [{"type": "uint256", "name": "out"}], "inputs": [{"type": "uint256", "name": "min_tokens"}, {"type": "uint256", "name": "deadline"}, {"type": "address", "name": "recipient"}], "constant": false, "payable": true, "type": "function", "gas": 16590}, {"name": "ethToTokenSwapOutput", "outputs": [{"type": "uint256", "name": "out"}], "inputs": [{"type": "uint256", "name": "tokens_bought"}, {"type": "uint256", "name": "deadline"}], "constant": false, "payable": true, "type": "function", "gas": 54105}, {"name": "ethToTokenTransferOutput", "outputs": [{"type": "uint256", "name": "out"}], "inputs": [{"type": "uint256", "name": "tokens_bought"}, {"type": "uint256", "name": "deadline"}, {"type": "address", "name": "recipient"}], "constant": false, "payable": true, "type": "function", "gas": 54313}, {"name": "tokenToEthSwapInput", "outputs": [{"type": "uint256", "name": "out"}], "inputs": [{"type": "uint256", "name": "tokens_sold"}, {"type": "uint256", "name": "min_eth"}, {"type": "uint256", "name": "deadline"}], "constant": false, "payable": false, "type": "function", "gas": 51145}, {"name": "tokenToEthTransferInput", "outputs": [{"type": "uint256", "name": "out"}], "inputs": [{"type": "uint256", "name": "tokens_sold"}, {"type": "uint256", "name": "min_eth"}, {"type": "uint256", "name": "deadline"}, {"type": "address", "name": "recipient"}], "constant": false, "payable": false, "type": "function", "gas": 51354}, {"name": "tokenToEthSwapOutput", "outputs": [{"type": "uint256", "name": "out"}], "inputs": [{"type": "uint256", "name": "eth_bought"}, {"type": "uint256", "name": "max_tokens"}, {"type": "uint256", "name": "deadline"}], "constant": false, "payable": false, "type": "function", "gas": 53817}, {"name": "tokenToEthTransferOutput", "outputs": [{"type": "uint256", "name": "out"}], "inputs": [{"type": "uint256", "name": "eth_bought"}, {"type": "uint256", "name": "max_tokens"}, {"type": "uint256", "name": "deadline"}, {"type": "address", "name": "recipient"}], "constant": false, "payable": false, "type": "function", "gas": 54026}, {"name": "tokenToTokenSwapInput", "outputs": [{"type": "uint256", "name": "out"}], "inputs": [{"type": "uint256", "name": "tokens_sold"}, {"type": "uint256", "name": "min_tokens_bought"}, {"type": "uint256", "name": "min_eth_bought"}, {"type": "uint256", "name": "deadline"}, {"type": "address", "name": "token_addr"}], "constant": false, "payable": false, "type": "function", "gas": 54649}, {"name": "tokenToTokenTransferInput", "outputs": [{"type": "uint256", "name": "out"}], "inputs": [{"type": "uint256", "name": "tokens_sold"}, {"type": "uint256", "name": "min_tokens_bought"}, {"type": "uint256", "name": "min_eth_bought"}, {"type": "uint256", "name": "deadline"}, {"type": "address", "name": "recipient"}, {"type": "address", "name": "token_addr"}], "constant": false, "payable": false, "type": "function", "gas": 54839}, {"name": "tokenToTokenSwapOutput", "outputs": [{"type": "uint256", "name": "out"}], "inputs": [{"type": "uint256", "name": "tokens_bought"}, {"type": "uint256", "name": "max_tokens_sold"}, {"type": "uint256", "name": "max_eth_sold"}, {"type": "uint256", "name": "deadline"}, {"type": "address", "name": "token_addr"}], "constant": false, "payable": false, "type": "function", "gas": 58570}, {"name": "tokenToTokenTransferOutput", "outputs": [{"type": "uint256", "name": "out"}], "inputs": [{"type": "uint256", "name": "tokens_bought"}, {"type": "uint256", "name": "max_tokens_sold"}, {"type": "uint256", "name": "max_eth_sold"}, {"type": "uint256", "name": "deadline"}, {"type": "address", "name": "recipient"}, {"type": "address", "name": "token_addr"}], "constant": false, "payable": false, "type": "function", "gas": 58760}, {"name": "tokenToExchangeSwapInput", "outputs": [{"type": "uint256", "name": "out"}], "inputs": [{"type": "uint256", "name": "tokens_sold"}, {"type": "uint256", "name": "min_tokens_bought"}, {"type": "uint256", "name": "min_eth_bought"}, {"type": "uint256", "name": "deadline"}, {"type": "address", "name": "exchange_addr"}], "constant": false, "payable": false, "type": "function", "gas": 52984}, {"name": "tokenToExchangeTransferInput", "outputs": [{"type": "uint256", "name": "out"}], "inputs": [{"type": "uint256", "name": "tokens_sold"}, {"type": "uint256", "name": "min_tokens_bought"}, {"type": "uint256", "name": "min_eth_bought"}, {"type": "uint256", "name": "deadline"}, {"type": "address", "name": "recipient"}, {"type": "address", "name": "exchange_addr"}], "constant": false, "payable": false, "type": "function", "gas": 53174}, {"name": "tokenToExchangeSwapOutput", "outputs": [{"type": "uint256", "name": "out"}], "inputs": [{"type": "uint256", "name": "tokens_bought"}, {"type": "uint256", "name": "max_tokens_sold"}, {"type": "uint256", "name": "max_eth_sold"}, {"type": "uint256", "name": "deadline"}, {"type": "address", "name": "exchange_addr"}], "constant": false, "payable": false, "type": "function", "gas": 56875}, {"name": "tokenToExchangeTransferOutput", "outputs": [{"type": "uint256", "name": "out"}], "inputs": [{"type": "uint256", "name": "tokens_bought"}, {"type": "uint256", "name": "max_tokens_sold"}, {"type": "uint256", "name": "max_eth_sold"}, {"type": "uint256", "name": "deadline"}, {"type": "address", "name": "recipient"}, {"type": "address", "name": "exchange_addr"}], "constant": false, "payable": false, "type": "function", "gas": 57065}, {"name": "getEthToTokenInputPrice", "outputs": [{"type": "uint256", "name": "out"}], "inputs": [{"type": "uint256", "name": "eth_sold"}], "constant": true, "payable": false, "type": "function", "gas": 7363}, {"name": "getEthToTokenOutputPrice", "outputs": [{"type": "uint256", "name": "out"}], "inputs": [{"type": "uint256", "name": "tokens_bought"}], "constant": true, "payable": false, "type": "function", "gas": 8693}, {"name": "getTokenToEthInputPrice", "outputs": [{"type": "uint256", "name": "out"}], "inputs": [{"type": "uint256", "name": "tokens_sold"}], "constant": true, "payable": false, "type": "function", "gas": 7458}, {"name": "getTokenToEthOutputPrice", "outputs": [{"type": "uint256", "name": "out"}], "inputs": [{"type": "uint256", "name": "eth_bought"}], "constant": true, "payable": false, "type": "function", "gas": 8718}, {"name": "tokenAddress", "outputs": [{"type": "address", "name": "out"}], "inputs": [], "constant": true, "payable": false, "type": "function", "gas": 1473}, {"name": "factoryAddress", "outputs": [{"type": "address", "name": "out"}], "inputs": [], "constant": true, "payable": false, "type": "function", "gas": 1503}, {"name": "balanceOf", "outputs": [{"type": "uint256", "name": "out"}], "inputs": [{"type": "address", "name": "_owner"}], "constant": true, "payable": false, "type": "function", "gas": 1705}, {"name": "transfer", "outputs": [{"type": "bool", "name": "out"}], "inputs": [{"type": "address", "name": "_to"}, {"type": "uint256", "name": "_value"}], "constant": false, "payable": false, "type": "function", "gas": 75094}, {"name": "transferFrom", "outputs": [{"type": "bool", "name": "out"}], "inputs": [{"type": "address", "name": "_from"}, {"type": "address", "name": "_to"}, {"type": "uint256", "name": "_value"}], "constant": false, "payable": false, "type": "function", "gas": 110967}, {"name": "approve", "outputs": [{"type": "bool", "name": "out"}], "inputs": [{"type": "address", "name": "_spender"}, {"type": "uint256", "name": "_value"}], "constant": false, "payable": false, "type": "function", "gas": 38829}, {"name": "increaseAllowance", "outputs": [{"type": "bool", "name": "out"}], "inputs": [{"type": "address", "name": "_spender"}, {"type": "uint256", "name": "_value"}], "constant": false, "payable": false, "type": "function", "gas": 40043}, {"name": "decreaseAllowance", "outputs": [{"type": "bool", "name": "out"}], "inputs": [{"type": "address", "name": "_spender"}, {"type": "uint256", "name": "_value"}], "constant": false, "payable": false, "type": "function", "gas": 39867}, {"name": "allowance", "outputs": [{"type": "uint256", "name": "out"}], "inputs": [{"type": "address", "name": "_owner"}, {"type": "address", "name": "_spender"}], "constant": true, "payable": false, "type": "function", "gas": 2045}, {"name": "setOwner", "outputs": [], "inputs": [{"type": "address", "name": "_owner"}], "constant": false, "payable": false, "type": "function", "gas": 36905}, {"name": "adjust_swap_fee", "outputs": [{"type": "bool", "name": "out"}], "inputs": [{"type": "uint256", "name": "_new_swap_fee"}], "constant": false, "payable": false, "type": "function", "gas": 37197}, {"name": "adjust_platform_fee", "outputs": [{"type": "bool", "name": "out"}], "inputs": [{"type": "uint256", "name": "_new_platform_fee"}], "constant": false, "payable": false, "type": "function", "gas": 37227}, {"name": "adjust_swap_fee_max", "outputs": [{"type": "bool", "name": "out"}], "inputs": [{"type": "uint256", "name": "_new_swap_fee_max"}], "constant": false, "payable": false, "type": "function", "gas": 37250}, {"name": "adjust_platform_fee_max", "outputs": [{"type": "bool", "name": "out"}], "inputs": [{"type": "uint256", "name": "_new_platform_fee_max"}], "constant": false, "payable": false, "type": "function", "gas": 37280}, {"name": "token_scrape", "outputs": [{"type": "uint256", "name": "out"}], "inputs": [{"type": "address", "name": "token_addr"}, {"type": "uint256", "name": "min_tokens_bought"}, {"type": "uint256", "name": "min_eth_bought"}, {"type": "uint256", "name": "deadline"}], "constant": false, "payable": false, "type": "function", "gas": 45033}, {"name": "name", "outputs": [{"type": "bytes32", "name": "out"}], "inputs": [], "constant": true, "payable": false, "type": "function", "gas": 1923}, {"name": "symbol", "outputs": [{"type": "bytes32", "name": "out"}], "inputs": [], "constant": true, "payable": false, "type": "function", "gas": 1953}, {"name": "decimals", "outputs": [{"type": "uint256", "name": "out"}], "inputs": [], "constant": true, "payable": false, "type": "function", "gas": 1983}, {"name": "totalSupply", "outputs": [{"type": "uint256", "name": "out"}], "inputs": [], "constant": true, "payable": false, "type": "function", "gas": 2013}, {"name": "owner", "outputs": [{"type": "address", "name": "out"}], "inputs": [], "constant": true, "payable": false, "type": "function", "gas": 2043}, {"name": "platform_fee", "outputs": [{"type": "uint256", "name": "out"}], "inputs": [], "constant": true, "payable": false, "type": "function", "gas": 2073}, {"name": "platform_fee_max", "outputs": [{"type": "uint256", "name": "out"}], "inputs": [], "constant": true, "payable": false, "type": "function", "gas": 2103}, {"name": "swap_fee", "outputs": [{"type": "uint256", "name": "out"}], "inputs": [], "constant": true, "payable": false, "type": "function", "gas": 2133}, {"name": "swap_fee_max", "outputs": [{"type": "uint256", "name": "out"}], "inputs": [], "constant": true, "payable": false, "type": "function", "gas": 2163}, {"name": "previous_invariant", "outputs": [{"type": "uint256", "name": "out"}], "inputs": [], "constant": true, "payable": false, "type": "function", "gas": 2193}]
