[
    {
        "constant": true,
        "inputs": [],
        "name": "native_txBlockRef",
        "outputs": [
            {
                "name": "",
                "type": "bytes8"
            }
        ],
        "payable": false,
        "stateMutability": "view",
        "type": "function"
    },
    {
        "constant": true,
        "inputs": [
            {
                "name": "num",
                "type": "uint32"
            }
        ],
        "name": "native_blockTime",
        "outputs": [
            {
                "name": "",
                "type": "uint64"
            }
        ],
        "payable": false,
        "stateMutability": "view",
        "type": "function"
    },
    {
        "constant": true,
        "inputs": [
            {
                "name": "num",
                "type": "uint32"
            }
        ],
        "name": "native_blockID",
        "outputs": [
            {
                "name": "",
                "type": "bytes32"
            }
        ],
        "payable": false,
        "stateMutability": "view",
        "type": "function"
    },
    {
        "constant": true,
        "inputs": [
            {
                "name": "num",
                "type": "uint32"
            }
        ],
        "name": "native_blockSigner",
        "outputs": [
            {
                "name": "",
                "type": "address"
            }
        ],
        "payable": false,
        "stateMutability": "view",
        "type": "function"
    },
    {
        "constant": true,
        "inputs": [],
        "name": "native_txProvedWork",
        "outputs": [
            {
                "name": "",
                "type": "uint256"
            }
        ],
        "payable": false,
        "stateMutability": "view",
        "type": "function"
    },
    {
        "constant": true,
        "inputs": [],
        "name": "native_totalSupply",
        "outputs": [
            {
                "name": "",
                "type": "uint256"
            }
        ],
        "payable": false,
        "stateMutability": "view",
        "type": "function"
    },
    {
        "constant": true,
        "inputs": [
            {
                "name": "num",
                "type": "uint32"
            }
        ],
        "name": "native_blockTotalScore",
        "outputs": [
            {
                "name": "",
                "type": "uint64"
            }
        ],
        "payable": false,
        "stateMutability": "view",
        "type": "function"
    },
    {
        "constant": true,
        "inputs": [
            {
                "name": "data",
                "type": "bytes"
            }
        ],
        "name": "native_blake2b256",
        "outputs": [
            {
                "name": "",
                "type": "bytes32"
            }
        ],
        "payable": false,
        "stateMutability": "view",
        "type": "function"
    },
    {
        "constant": true,
        "inputs": [],
        "name": "native_txExpiration",
        "outputs": [
            {
                "name": "",
                "type": "uint32"
            }
        ],
        "payable": false,
        "stateMutability": "view",
        "type": "function"
    },
    {
        "constant": true,
        "inputs": [],
        "name": "native_txID",
        "outputs": [
            {
                "name": "",
                "type": "bytes32"
            }
        ],
        "payable": false,
        "stateMutability": "view",
        "type": "function"
    }
]