[{"name": "NewExchange", "inputs": [{"type": "address", "name": "token", "indexed": true}, {"type": "address", "name": "exchange", "indexed": true}], "anonymous": false, "type": "event"}, {"name": "__init__", "outputs": [], "inputs": [{"type": "address", "name": "template"}], "constant": false, "payable": false, "type": "constructor"}, {"name": "setOwner", "outputs": [], "inputs": [{"type": "address", "name": "_owner"}], "constant": false, "payable": false, "type": "function", "gas": 35645}, {"name": "setPlatformFee", "outputs": [], "inputs": [{"type": "uint256", "name": "_default_platform_fee"}], "constant": false, "payable": false, "type": "function", "gas": 35922}, {"name": "setSwapFee", "outputs": [], "inputs": [{"type": "uint256", "name": "_default_swap_fee"}], "constant": false, "payable": false, "type": "function", "gas": 35952}, {"name": "setMaxPlatformFee", "outputs": [], "inputs": [{"type": "uint256", "name": "_default_max_platform_fee"}], "constant": false, "payable": false, "type": "function", "gas": 36279}, {"name": "setMaxSwapFee", "outputs": [], "inputs": [{"type": "uint256", "name": "_default_max_swap_fee"}], "constant": false, "payable": false, "type": "function", "gas": 36309}, {"name": "createExchange", "outputs": [{"type": "address", "name": "out"}], "inputs": [{"type": "address", "name": "token"}], "constant": false, "payable": false, "type": "function", "gas": 189092}, {"name": "getExchange", "outputs": [{"type": "address", "name": "out"}], "inputs": [{"type": "address", "name": "token"}], "constant": true, "payable": false, "type": "function", "gas": 835}, {"name": "getToken", "outputs": [{"type": "address", "name": "out"}], "inputs": [{"type": "address", "name": "exchange"}], "constant": true, "payable": false, "type": "function", "gas": 865}, {"name": "getTokenWithId", "outputs": [{"type": "address", "name": "out"}], "inputs": [{"type": "uint256", "name": "token_id"}], "constant": true, "payable": false, "type": "function", "gas": 856}, {"name": "exchangeTemplate", "outputs": [{"type": "address", "name": "out"}], "inputs": [], "constant": true, "payable": false, "type": "function", "gas": 753}, {"name": "tokenCount", "outputs": [{"type": "uint256", "name": "out"}], "inputs": [], "constant": true, "payable": false, "type": "function", "gas": 783}, {"name": "owner", "outputs": [{"type": "address", "name": "out"}], "inputs": [], "constant": true, "payable": false, "type": "function", "gas": 813}, {"name": "default_swap_fee", "outputs": [{"type": "uint256", "name": "out"}], "inputs": [], "constant": true, "payable": false, "type": "function", "gas": 843}, {"name": "default_platform_fee", "outputs": [{"type": "uint256", "name": "out"}], "inputs": [], "constant": true, "payable": false, "type": "function", "gas": 873}, {"name": "default_max_swap_fee", "outputs": [{"type": "uint256", "name": "out"}], "inputs": [], "constant": true, "payable": false, "type": "function", "gas": 903}, {"name": "default_max_platform_fee", "outputs": [{"type": "uint256", "name": "out"}], "inputs": [], "constant": true, "payable": false, "type": "function", "gas": 933}]
