[
    {
        "constant": false,
        "inputs": [
            {
                "name": "key",
                "type": "bytes32"
            },
            {
                "name": "value",
                "type": "uint256"
            }
        ],
        "name": "native_set",
        "outputs": [],
        "payable": false,
        "stateMutability": "nonpayable",
        "type": "function"
    },
    {
        "constant": true,
        "inputs": [],
        "name": "native_executor",
        "outputs": [
            {
                "name": "",
                "type": "address"
            }
        ],
        "payable": false,
        "stateMutability": "view",
        "type": "function"
    },
    {
        "constant": true,
        "inputs": [
            {
                "name": "key",
                "type": "bytes32"
            }
        ],
        "name": "native_get",
        "outputs": [
            {
                "name": "",
                "type": "uint256"
            }
        ],
        "payable": false,
        "stateMutability": "view",
        "type": "function"
    }
]