[
    {
      "inputs": [
        {
          "internalType": "contract IEntryPoint",
          "name": "anEntryPoint",
          "type": "address"
        }
      ],
      "stateMutability": "nonpayable",
      "type": "constructor"
    },
    {
      "inputs": [
        {
          "internalType": "uint256",
          "name": "sigType",
          "type": "uint256"
        },
        {
          "internalType": "string",
          "name": "reason",
          "type": "string"
        }
      ],
      "name": "SigInvalid",
      "type": "error"
    },
    {
      "anonymous": false,
      "inputs": [
        {
          "indexed": true,
          "internalType": "contract IEntryPoint",
          "name": "entryPoint",
          "type": "address"
        },
        {
          "indexed": true,
          "internalType": "address",
          "name": "owner",
          "type": "address"
        }
      ],
      "name": "AccountInitialized",
      "type": "event"
    },
    {
      "anonymous": false,
      "inputs": [
        {
          "indexed": false,
          "internalType": "address",
          "name": "previousAdmin",
          "type": "address"
        },
        {
          "indexed": false,
          "internalType": "address",
          "name": "newAdmin",
          "type": "address"
        }
      ],
      "name": "AdminChanged",
      "type": "event"
    },
    {
      "anonymous": false,
      "inputs": [
        {
          "indexed": true,
          "internalType": "address",
          "name": "beacon",
          "type": "address"
        }
      ],
      "name": "BeaconUpgraded",
      "type": "event"
    },
    {
      "anonymous": false,
      "inputs": [
        {
          "indexed": false,
          "internalType": "uint8",
          "name": "version",
          "type": "uint8"
        }
      ],
      "name": "Initialized",
      "type": "event"
    },
    {
      "anonymous": false,
      "inputs": [
        {
          "indexed": true,
          "internalType": "bytes32",
          "name": "keyHash",
          "type": "bytes32"
        },
        {
          "indexed": false,
          "internalType": "uint256",
          "name": "pubKeyX",
          "type": "uint256"
        },
        {
          "indexed": false,
          "internalType": "uint256",
          "name": "pubKeyY",
          "type": "uint256"
        }
      ],
      "name": "PublicKeyAdded",
      "type": "event"
    },
    {
      "anonymous": false,
      "inputs": [
        {
          "indexed": true,
          "internalType": "bytes32",
          "name": "keyHash",
          "type": "bytes32"
        },
        {
          "indexed": false,
          "internalType": "uint256",
          "name": "pubKeyX",
          "type": "uint256"
        },
        {
          "indexed": false,
          "internalType": "uint256",
          "name": "pubKeyY",
          "type": "uint256"
        }
      ],
      "name": "PublicKeyRemoved",
      "type": "event"
    },
    {
      "anonymous": false,
      "inputs": [
        {
          "indexed": true,
          "internalType": "address",
          "name": "implementation",
          "type": "address"
        }
      ],
      "name": "Upgraded",
      "type": "event"
    },
    {
      "inputs": [],
      "name": "SIG_VALIDATION_SUCCESS",
      "outputs": [
        {
          "internalType": "uint256",
          "name": "",
          "type": "uint256"
        }
      ],
      "stateMutability": "view",
      "type": "function"
    },
    {
      "inputs": [],
      "name": "addDeposit",
      "outputs": [],
      "stateMutability": "payable",
      "type": "function"
    },
    {
      "inputs": [
        {
          "internalType": "bytes32",
          "name": "_keyHash",
          "type": "bytes32"
        },
        {
          "internalType": "uint256",
          "name": "_pubKeyX",
          "type": "uint256"
        },
        {
          "internalType": "uint256",
          "name": "_pubKeyY",
          "type": "uint256"
        }
      ],
      "name": "addPassKey",
      "outputs": [],
      "stateMutability": "nonpayable",
      "type": "function"
    },
    {
      "inputs": [],
      "name": "contractName",
      "outputs": [
        {
          "internalType": "bytes32",
          "name": "",
          "type": "bytes32"
        }
      ],
      "stateMutability": "view",
      "type": "function"
    },
    {
      "inputs": [],
      "name": "entryPoint",
      "outputs": [
        {
          "internalType": "contract IEntryPoint",
          "name": "",
          "type": "address"
        }
      ],
      "stateMutability": "view",
      "type": "function"
    },
    {
      "inputs": [
        {
          "internalType": "address",
          "name": "dest",
          "type": "address"
        },
        {
          "internalType": "uint256",
          "name": "value",
          "type": "uint256"
        },
        {
          "internalType": "bytes",
          "name": "func",
          "type": "bytes"
        }
      ],
      "name": "execute",
      "outputs": [],
      "stateMutability": "nonpayable",
      "type": "function"
    },
    {
      "inputs": [
        {
          "internalType": "address[]",
          "name": "dest",
          "type": "address[]"
        },
        {
          "internalType": "bytes[]",
          "name": "func",
          "type": "bytes[]"
        }
      ],
      "name": "executeBatch",
      "outputs": [],
      "stateMutability": "nonpayable",
      "type": "function"
    },
    {
      "inputs": [],
      "name": "getAuthorisedKeys",
      "outputs": [
        {
          "components": [
            {
              "internalType": "uint256",
              "name": "pubKeyX",
              "type": "uint256"
            },
            {
              "internalType": "uint256",
              "name": "pubKeyY",
              "type": "uint256"
            }
          ],
          "internalType": "struct PassKeyId[]",
          "name": "knownKeys",
          "type": "tuple[]"
        }
      ],
      "stateMutability": "view",
      "type": "function"
    },
    {
      "inputs": [],
      "name": "getDeposit",
      "outputs": [
        {
          "internalType": "uint256",
          "name": "",
          "type": "uint256"
        }
      ],
      "stateMutability": "view",
      "type": "function"
    },
    {
      "inputs": [],
      "name": "getNonce",
      "outputs": [
        {
          "internalType": "uint256",
          "name": "",
          "type": "uint256"
        }
      ],
      "stateMutability": "view",
      "type": "function"
    },
    {
      "inputs": [
        {
          "internalType": "address",
          "name": "anOwner",
          "type": "address"
        }
      ],
      "name": "initialize",
      "outputs": [],
      "stateMutability": "nonpayable",
      "type": "function"
    },
    {
      "inputs": [
        {
          "internalType": "bytes32",
          "name": "_keyHash",
          "type": "bytes32"
        },
        {
          "internalType": "uint256",
          "name": "_pubKeyX",
          "type": "uint256"
        },
        {
          "internalType": "uint256",
          "name": "_pubKeyY",
          "type": "uint256"
        }
      ],
      "name": "initialize",
      "outputs": [],
      "stateMutability": "nonpayable",
      "type": "function"
    },
    {
      "inputs": [
        {
          "internalType": "address",
          "name": "",
          "type": "address"
        },
        {
          "internalType": "address",
          "name": "",
          "type": "address"
        },
        {
          "internalType": "uint256[]",
          "name": "",
          "type": "uint256[]"
        },
        {
          "internalType": "uint256[]",
          "name": "",
          "type": "uint256[]"
        },
        {
          "internalType": "bytes",
          "name": "",
          "type": "bytes"
        }
      ],
      "name": "onERC1155BatchReceived",
      "outputs": [
        {
          "internalType": "bytes4",
          "name": "",
          "type": "bytes4"
        }
      ],
      "stateMutability": "pure",
      "type": "function"
    },
    {
      "inputs": [
        {
          "internalType": "address",
          "name": "",
          "type": "address"
        },
        {
          "internalType": "address",
          "name": "",
          "type": "address"
        },
        {
          "internalType": "uint256",
          "name": "",
          "type": "uint256"
        },
        {
          "internalType": "uint256",
          "name": "",
          "type": "uint256"
        },
        {
          "internalType": "bytes",
          "name": "",
          "type": "bytes"
        }
      ],
      "name": "onERC1155Received",
      "outputs": [
        {
          "internalType": "bytes4",
          "name": "",
          "type": "bytes4"
        }
      ],
      "stateMutability": "pure",
      "type": "function"
    },
    {
      "inputs": [
        {
          "internalType": "address",
          "name": "",
          "type": "address"
        },
        {
          "internalType": "address",
          "name": "",
          "type": "address"
        },
        {
          "internalType": "uint256",
          "name": "",
          "type": "uint256"
        },
        {
          "internalType": "bytes",
          "name": "",
          "type": "bytes"
        }
      ],
      "name": "onERC721Received",
      "outputs": [
        {
          "internalType": "bytes4",
          "name": "",
          "type": "bytes4"
        }
      ],
      "stateMutability": "pure",
      "type": "function"
    },
    {
      "inputs": [
        {
          "internalType": "address",
          "name": "",
          "type": "address"
        },
        {
          "internalType": "address",
          "name": "",
          "type": "address"
        },
        {
          "internalType": "uint256[]",
          "name": "",
          "type": "uint256[]"
        },
        {
          "internalType": "uint256[]",
          "name": "",
          "type": "uint256[]"
        },
        {
          "internalType": "string",
          "name": "",
          "type": "string"
        }
      ],
      "name": "onVIP210BatchReceived",
      "outputs": [
        {
          "internalType": "bytes4",
          "name": "",
          "type": "bytes4"
        }
      ],
      "stateMutability": "pure",
      "type": "function"
    },
    {
      "inputs": [
        {
          "internalType": "address",
          "name": "",
          "type": "address"
        },
        {
          "internalType": "address",
          "name": "",
          "type": "address"
        },
        {
          "internalType": "uint256",
          "name": "",
          "type": "uint256"
        },
        {
          "internalType": "uint256",
          "name": "",
          "type": "uint256"
        },
        {
          "internalType": "string",
          "name": "",
          "type": "string"
        }
      ],
      "name": "onVIP210Received",
      "outputs": [
        {
          "internalType": "bytes4",
          "name": "",
          "type": "bytes4"
        }
      ],
      "stateMutability": "pure",
      "type": "function"
    },
    {
      "inputs": [],
      "name": "owner",
      "outputs": [
        {
          "internalType": "address",
          "name": "",
          "type": "address"
        }
      ],
      "stateMutability": "view",
      "type": "function"
    },
    {
      "inputs": [],
      "name": "proxiableUUID",
      "outputs": [
        {
          "internalType": "bytes32",
          "name": "",
          "type": "bytes32"
        }
      ],
      "stateMutability": "view",
      "type": "function"
    },
    {
      "inputs": [
        {
          "internalType": "bytes32",
          "name": "keyHash",
          "type": "bytes32"
        }
      ],
      "name": "removePassKey",
      "outputs": [],
      "stateMutability": "nonpayable",
      "type": "function"
    },
    {
      "inputs": [
        {
          "internalType": "bytes4",
          "name": "interfaceId",
          "type": "bytes4"
        }
      ],
      "name": "supportsInterface",
      "outputs": [
        {
          "internalType": "bool",
          "name": "",
          "type": "bool"
        }
      ],
      "stateMutability": "view",
      "type": "function"
    },
    {
      "inputs": [
        {
          "internalType": "address",
          "name": "",
          "type": "address"
        },
        {
          "internalType": "address",
          "name": "",
          "type": "address"
        },
        {
          "internalType": "address",
          "name": "",
          "type": "address"
        },
        {
          "internalType": "uint256",
          "name": "",
          "type": "uint256"
        },
        {
          "internalType": "bytes",
          "name": "",
          "type": "bytes"
        },
        {
          "internalType": "bytes",
          "name": "",
          "type": "bytes"
        }
      ],
      "name": "tokensReceived",
      "outputs": [],
      "stateMutability": "pure",
      "type": "function"
    },
    {
      "inputs": [
        {
          "internalType": "address",
          "name": "newImplementation",
          "type": "address"
        }
      ],
      "name": "upgradeTo",
      "outputs": [],
      "stateMutability": "nonpayable",
      "type": "function"
    },
    {
      "inputs": [
        {
          "internalType": "address",
          "name": "newImplementation",
          "type": "address"
        },
        {
          "internalType": "bytes",
          "name": "data",
          "type": "bytes"
        }
      ],
      "name": "upgradeToAndCall",
      "outputs": [],
      "stateMutability": "payable",
      "type": "function"
    },
    {
      "inputs": [
        {
          "components": [
            {
              "internalType": "address",
              "name": "sender",
              "type": "address"
            },
            {
              "internalType": "uint256",
              "name": "nonce",
              "type": "uint256"
            },
            {
              "internalType": "bytes",
              "name": "initCode",
              "type": "bytes"
            },
            {
              "internalType": "bytes",
              "name": "callData",
              "type": "bytes"
            },
            {
              "internalType": "uint256",
              "name": "callGasLimit",
              "type": "uint256"
            },
            {
              "internalType": "uint256",
              "name": "verificationGasLimit",
              "type": "uint256"
            },
            {
              "internalType": "uint256",
              "name": "preVerificationGas",
              "type": "uint256"
            },
            {
              "internalType": "uint256",
              "name": "maxFeePerGas",
              "type": "uint256"
            },
            {
              "internalType": "uint256",
              "name": "maxPriorityFeePerGas",
              "type": "uint256"
            },
            {
              "internalType": "bytes",
              "name": "paymasterAndData",
              "type": "bytes"
            },
            {
              "internalType": "bytes",
              "name": "signature",
              "type": "bytes"
            }
          ],
          "internalType": "struct UserOperation",
          "name": "userOp",
          "type": "tuple"
        },
        {
          "internalType": "bytes32",
          "name": "userOpHash",
          "type": "bytes32"
        },
        {
          "internalType": "uint256",
          "name": "missingAccountFunds",
          "type": "uint256"
        }
      ],
      "name": "validateUserOp",
      "outputs": [
        {
          "internalType": "uint256",
          "name": "validationData",
          "type": "uint256"
        }
      ],
      "stateMutability": "nonpayable",
      "type": "function"
    },
    {
      "inputs": [],
      "name": "version",
      "outputs": [
        {
          "internalType": "uint8",
          "name": "",
          "type": "uint8"
        }
      ],
      "stateMutability": "view",
      "type": "function"
    },
    {
      "inputs": [
        {
          "internalType": "address payable",
          "name": "withdrawAddress",
          "type": "address"
        },
        {
          "internalType": "uint256",
          "name": "amount",
          "type": "uint256"
        }
      ],
      "name": "withdrawDepositTo",
      "outputs": [],
      "stateMutability": "nonpayable",
      "type": "function"
    },
    {
      "stateMutability": "payable",
      "type": "receive"
    }
  ]