[
  {
    "inputs": [],
    "stateMutability": "nonpayable",
    "type": "constructor"
  },
  {
    "inputs": [],
    "name": "AccessControlBadConfirmation",
    "type": "error"
  },
  {
    "inputs": [
      {
        "internalType": "address",
        "name": "account",
        "type": "address"
      },
      {
        "internalType": "bytes32",
        "name": "neededRole",
        "type": "bytes32"
      }
    ],
    "name": "AccessControlUnauthorizedAccount",
    "type": "error"
  },
  {
    "inputs": [
      {
        "internalType": "address",
        "name": "target",
        "type": "address"
      }
    ],
    "name": "AddressEmptyCode",
    "type": "error"
  },
  {
    "inputs": [
      {
        "internalType": "address",
        "name": "account",
        "type": "address"
      }
    ],
    "name": "B3TRGovernorOnlyExecutor",
    "type": "error"
  },
  {
    "inputs": [],
    "name": "CheckpointUnorderedInsertion",
    "type": "error"
  },
  {
    "inputs": [
      {
        "internalType": "address",
        "name": "implementation",
        "type": "address"
      }
    ],
    "name": "ERC1967InvalidImplementation",
    "type": "error"
  },
  {
    "inputs": [],
    "name": "ERC1967NonPayable",
    "type": "error"
  },
  {
    "inputs": [],
    "name": "FailedInnerCall",
    "type": "error"
  },
  {
    "inputs": [
      {
        "internalType": "address",
        "name": "voter",
        "type": "address"
      }
    ],
    "name": "GovernorAlreadyCastVote",
    "type": "error"
  },
  {
    "inputs": [
      {
        "internalType": "bytes32",
        "name": "appId",
        "type": "bytes32"
      }
    ],
    "name": "GovernorAppNotAvailableForVoting",
    "type": "error"
  },
  {
    "inputs": [],
    "name": "GovernorInsufficientVotingPower",
    "type": "error"
  },
  {
    "inputs": [
      {
        "internalType": "uint256",
        "name": "quorumNumerator",
        "type": "uint256"
      },
      {
        "internalType": "uint256",
        "name": "quorumDenominator",
        "type": "uint256"
      }
    ],
    "name": "GovernorInvalidQuorumFraction",
    "type": "error"
  },
  {
    "inputs": [
      {
        "internalType": "uint256",
        "name": "votingPeriod",
        "type": "uint256"
      }
    ],
    "name": "GovernorInvalidVotingPeriod",
    "type": "error"
  },
  {
    "inputs": [
      {
        "internalType": "uint256",
        "name": "roundId",
        "type": "uint256"
      }
    ],
    "name": "GovernorNonexistentRound",
    "type": "error"
  },
  {
    "inputs": [
      {
        "internalType": "address",
        "name": "person",
        "type": "address"
      },
      {
        "internalType": "string",
        "name": "reason",
        "type": "string"
      }
    ],
    "name": "GovernorPersonhoodVerificationFailed",
    "type": "error"
  },
  {
    "inputs": [
      {
        "internalType": "uint256",
        "name": "roundId",
        "type": "uint256"
      },
      {
        "internalType": "enum IXAllocationVotingGovernor.RoundState",
        "name": "current",
        "type": "uint8"
      },
      {
        "internalType": "bytes32",
        "name": "expectedStates",
        "type": "bytes32"
      }
    ],
    "name": "GovernorUnexpectedRoundState",
    "type": "error"
  },
  {
    "inputs": [
      {
        "internalType": "uint256",
        "name": "threshold",
        "type": "uint256"
      },
      {
        "internalType": "uint256",
        "name": "votes",
        "type": "uint256"
      }
    ],
    "name": "GovernorVotingThresholdNotMet",
    "type": "error"
  },
  {
    "inputs": [],
    "name": "InvalidInitialization",
    "type": "error"
  },
  {
    "inputs": [],
    "name": "NotInitializing",
    "type": "error"
  },
  {
    "inputs": [
      {
        "internalType": "uint8",
        "name": "bits",
        "type": "uint8"
      },
      {
        "internalType": "uint256",
        "name": "value",
        "type": "uint256"
      }
    ],
    "name": "SafeCastOverflowedUintDowncast",
    "type": "error"
  },
  {
    "inputs": [],
    "name": "UUPSUnauthorizedCallContext",
    "type": "error"
  },
  {
    "inputs": [
      {
        "internalType": "bytes32",
        "name": "slot",
        "type": "bytes32"
      }
    ],
    "name": "UUPSUnsupportedProxiableUUID",
    "type": "error"
  },
  {
    "inputs": [
      {
        "internalType": "address",
        "name": "person",
        "type": "address"
      }
    ],
    "name": "XAllocationVotingPersonhoodVerificationFailed",
    "type": "error"
  },
  {
    "anonymous": false,
    "inputs": [
      {
        "indexed": true,
        "internalType": "address",
        "name": "voter",
        "type": "address"
      },
      {
        "indexed": true,
        "internalType": "uint256",
        "name": "roundId",
        "type": "uint256"
      },
      {
        "indexed": false,
        "internalType": "bytes32[]",
        "name": "appsIds",
        "type": "bytes32[]"
      },
      {
        "indexed": false,
        "internalType": "uint256[]",
        "name": "voteWeights",
        "type": "uint256[]"
      }
    ],
    "name": "AllocationVoteCast",
    "type": "event"
  },
  {
    "anonymous": false,
    "inputs": [
      {
        "indexed": false,
        "internalType": "address",
        "name": "oldContractAddress",
        "type": "address"
      },
      {
        "indexed": false,
        "internalType": "address",
        "name": "newContractAddress",
        "type": "address"
      }
    ],
    "name": "EmissionsSet",
    "type": "event"
  },
  {
    "anonymous": false,
    "inputs": [
      {
        "indexed": false,
        "internalType": "uint64",
        "name": "version",
        "type": "uint64"
      }
    ],
    "name": "Initialized",
    "type": "event"
  },
  {
    "anonymous": false,
    "inputs": [
      {
        "indexed": false,
        "internalType": "uint256",
        "name": "oldQuorumNumerator",
        "type": "uint256"
      },
      {
        "indexed": false,
        "internalType": "uint256",
        "name": "newQuorumNumerator",
        "type": "uint256"
      }
    ],
    "name": "QuorumNumeratorUpdated",
    "type": "event"
  },
  {
    "anonymous": false,
    "inputs": [
      {
        "indexed": true,
        "internalType": "bytes32",
        "name": "role",
        "type": "bytes32"
      },
      {
        "indexed": true,
        "internalType": "bytes32",
        "name": "previousAdminRole",
        "type": "bytes32"
      },
      {
        "indexed": true,
        "internalType": "bytes32",
        "name": "newAdminRole",
        "type": "bytes32"
      }
    ],
    "name": "RoleAdminChanged",
    "type": "event"
  },
  {
    "anonymous": false,
    "inputs": [
      {
        "indexed": true,
        "internalType": "bytes32",
        "name": "role",
        "type": "bytes32"
      },
      {
        "indexed": true,
        "internalType": "address",
        "name": "account",
        "type": "address"
      },
      {
        "indexed": true,
        "internalType": "address",
        "name": "sender",
        "type": "address"
      }
    ],
    "name": "RoleGranted",
    "type": "event"
  },
  {
    "anonymous": false,
    "inputs": [
      {
        "indexed": true,
        "internalType": "bytes32",
        "name": "role",
        "type": "bytes32"
      },
      {
        "indexed": true,
        "internalType": "address",
        "name": "account",
        "type": "address"
      },
      {
        "indexed": true,
        "internalType": "address",
        "name": "sender",
        "type": "address"
      }
    ],
    "name": "RoleRevoked",
    "type": "event"
  },
  {
    "anonymous": false,
    "inputs": [
      {
        "indexed": false,
        "internalType": "uint256",
        "name": "roundId",
        "type": "uint256"
      },
      {
        "indexed": false,
        "internalType": "address",
        "name": "proposer",
        "type": "address"
      },
      {
        "indexed": false,
        "internalType": "uint256",
        "name": "voteStart",
        "type": "uint256"
      },
      {
        "indexed": false,
        "internalType": "uint256",
        "name": "voteEnd",
        "type": "uint256"
      },
      {
        "indexed": false,
        "internalType": "bytes32[]",
        "name": "appsIds",
        "type": "bytes32[]"
      }
    ],
    "name": "RoundCreated",
    "type": "event"
  },
  {
    "anonymous": false,
    "inputs": [
      {
        "indexed": true,
        "internalType": "address",
        "name": "implementation",
        "type": "address"
      }
    ],
    "name": "Upgraded",
    "type": "event"
  },
  {
    "anonymous": false,
    "inputs": [
      {
        "indexed": false,
        "internalType": "address",
        "name": "oldContractAddress",
        "type": "address"
      },
      {
        "indexed": false,
        "internalType": "address",
        "name": "newContractAddress",
        "type": "address"
      }
    ],
    "name": "VeBetterPassportSet",
    "type": "event"
  },
  {
    "anonymous": false,
    "inputs": [
      {
        "indexed": false,
        "internalType": "address",
        "name": "oldContractAddress",
        "type": "address"
      },
      {
        "indexed": false,
        "internalType": "address",
        "name": "newContractAddress",
        "type": "address"
      }
    ],
    "name": "VoterRewardsSet",
    "type": "event"
  },
  {
    "anonymous": false,
    "inputs": [
      {
        "indexed": false,
        "internalType": "uint256",
        "name": "oldVotingPeriod",
        "type": "uint256"
      },
      {
        "indexed": false,
        "internalType": "uint256",
        "name": "newVotingPeriod",
        "type": "uint256"
      }
    ],
    "name": "VotingPeriodSet",
    "type": "event"
  },
  {
    "anonymous": false,
    "inputs": [
      {
        "indexed": false,
        "internalType": "uint256",
        "name": "oldVotingThreshold",
        "type": "uint256"
      },
      {
        "indexed": false,
        "internalType": "uint256",
        "name": "newVotingThreshold",
        "type": "uint256"
      }
    ],
    "name": "VotingThresholdSet",
    "type": "event"
  },
  {
    "anonymous": false,
    "inputs": [
      {
        "indexed": false,
        "internalType": "address",
        "name": "oldContractAddress",
        "type": "address"
      },
      {
        "indexed": false,
        "internalType": "address",
        "name": "newContractAddress",
        "type": "address"
      }
    ],
    "name": "X2EarnAppsSet",
    "type": "event"
  },
  {
    "inputs": [],
    "name": "CLOCK_MODE",
    "outputs": [
      {
        "internalType": "string",
        "name": "",
        "type": "string"
      }
    ],
    "stateMutability": "view",
    "type": "function"
  },
  {
    "inputs": [],
    "name": "CONTRACTS_ADDRESS_MANAGER_ROLE",
    "outputs": [
      {
        "internalType": "bytes32",
        "name": "",
        "type": "bytes32"
      }
    ],
    "stateMutability": "view",
    "type": "function"
  },
  {
    "inputs": [],
    "name": "COUNTING_MODE",
    "outputs": [
      {
        "internalType": "string",
        "name": "",
        "type": "string"
      }
    ],
    "stateMutability": "pure",
    "type": "function"
  },
  {
    "inputs": [],
    "name": "DEFAULT_ADMIN_ROLE",
    "outputs": [
      {
        "internalType": "bytes32",
        "name": "",
        "type": "bytes32"
      }
    ],
    "stateMutability": "view",
    "type": "function"
  },
  {
    "inputs": [],
    "name": "GOVERNANCE_ROLE",
    "outputs": [
      {
        "internalType": "bytes32",
        "name": "",
        "type": "bytes32"
      }
    ],
    "stateMutability": "view",
    "type": "function"
  },
  {
    "inputs": [],
    "name": "ROUND_STARTER_ROLE",
    "outputs": [
      {
        "internalType": "bytes32",
        "name": "",
        "type": "bytes32"
      }
    ],
    "stateMutability": "view",
    "type": "function"
  },
  {
    "inputs": [],
    "name": "UPGRADER_ROLE",
    "outputs": [
      {
        "internalType": "bytes32",
        "name": "",
        "type": "bytes32"
      }
    ],
    "stateMutability": "view",
    "type": "function"
  },
  {
    "inputs": [],
    "name": "UPGRADE_INTERFACE_VERSION",
    "outputs": [
      {
        "internalType": "string",
        "name": "",
        "type": "string"
      }
    ],
    "stateMutability": "view",
    "type": "function"
  },
  {
    "inputs": [],
    "name": "appSharesCap",
    "outputs": [
      {
        "internalType": "uint256",
        "name": "",
        "type": "uint256"
      }
    ],
    "stateMutability": "view",
    "type": "function"
  },
  {
    "inputs": [],
    "name": "baseAllocationPercentage",
    "outputs": [
      {
        "internalType": "uint256",
        "name": "",
        "type": "uint256"
      }
    ],
    "stateMutability": "view",
    "type": "function"
  },
  {
    "inputs": [
      {
        "internalType": "uint256",
        "name": "roundId",
        "type": "uint256"
      },
      {
        "internalType": "bytes32[]",
        "name": "appIds",
        "type": "bytes32[]"
      },
      {
        "internalType": "uint256[]",
        "name": "voteWeights",
        "type": "uint256[]"
      }
    ],
    "name": "castVote",
    "outputs": [],
    "stateMutability": "nonpayable",
    "type": "function"
  },
  {
    "inputs": [],
    "name": "clock",
    "outputs": [
      {
        "internalType": "uint48",
        "name": "",
        "type": "uint48"
      }
    ],
    "stateMutability": "view",
    "type": "function"
  },
  {
    "inputs": [],
    "name": "currentRoundDeadline",
    "outputs": [
      {
        "internalType": "uint256",
        "name": "",
        "type": "uint256"
      }
    ],
    "stateMutability": "view",
    "type": "function"
  },
  {
    "inputs": [],
    "name": "currentRoundId",
    "outputs": [
      {
        "internalType": "uint256",
        "name": "",
        "type": "uint256"
      }
    ],
    "stateMutability": "view",
    "type": "function"
  },
  {
    "inputs": [],
    "name": "currentRoundSnapshot",
    "outputs": [
      {
        "internalType": "uint256",
        "name": "",
        "type": "uint256"
      }
    ],
    "stateMutability": "view",
    "type": "function"
  },
  {
    "inputs": [],
    "name": "emissions",
    "outputs": [
      {
        "internalType": "contract IEmissions",
        "name": "",
        "type": "address"
      }
    ],
    "stateMutability": "view",
    "type": "function"
  },
  {
    "inputs": [
      {
        "internalType": "uint256",
        "name": "roundId",
        "type": "uint256"
      }
    ],
    "name": "finalizeRound",
    "outputs": [],
    "stateMutability": "nonpayable",
    "type": "function"
  },
  {
    "inputs": [
      {
        "internalType": "uint256",
        "name": "roundId",
        "type": "uint256"
      }
    ],
    "name": "getAppIdsOfRound",
    "outputs": [
      {
        "internalType": "bytes32[]",
        "name": "",
        "type": "bytes32[]"
      }
    ],
    "stateMutability": "view",
    "type": "function"
  },
  {
    "inputs": [
      {
        "internalType": "uint256",
        "name": "roundId",
        "type": "uint256"
      },
      {
        "internalType": "bytes32",
        "name": "app",
        "type": "bytes32"
      }
    ],
    "name": "getAppVotes",
    "outputs": [
      {
        "internalType": "uint256",
        "name": "",
        "type": "uint256"
      }
    ],
    "stateMutability": "view",
    "type": "function"
  },
  {
    "inputs": [
      {
        "internalType": "uint256",
        "name": "roundId",
        "type": "uint256"
      },
      {
        "internalType": "bytes32",
        "name": "app",
        "type": "bytes32"
      }
    ],
    "name": "getAppVotesQF",
    "outputs": [
      {
        "internalType": "uint256",
        "name": "",
        "type": "uint256"
      }
    ],
    "stateMutability": "view",
    "type": "function"
  },
  {
    "inputs": [
      {
        "internalType": "uint256",
        "name": "roundId",
        "type": "uint256"
      }
    ],
    "name": "getAppsOfRound",
    "outputs": [
      {
        "components": [
          {
            "internalType": "bytes32",
            "name": "id",
            "type": "bytes32"
          },
          {
            "internalType": "address",
            "name": "teamWalletAddress",
            "type": "address"
          },
          {
            "internalType": "string",
            "name": "name",
            "type": "string"
          },
          {
            "internalType": "string",
            "name": "metadataURI",
            "type": "string"
          },
          {
            "internalType": "uint256",
            "name": "createdAtTimestamp",
            "type": "uint256"
          },
          {
            "internalType": "bool",
            "name": "appAvailableForAllocationVoting",
            "type": "bool"
          }
        ],
        "internalType": "struct X2EarnAppsDataTypes.AppWithDetailsReturnType[]",
        "name": "",
        "type": "tuple[]"
      }
    ],
    "stateMutability": "view",
    "type": "function"
  },
  {
    "inputs": [
      {
        "internalType": "bytes32",
        "name": "role",
        "type": "bytes32"
      }
    ],
    "name": "getRoleAdmin",
    "outputs": [
      {
        "internalType": "bytes32",
        "name": "",
        "type": "bytes32"
      }
    ],
    "stateMutability": "view",
    "type": "function"
  },
  {
    "inputs": [
      {
        "internalType": "uint256",
        "name": "roundId",
        "type": "uint256"
      }
    ],
    "name": "getRound",
    "outputs": [
      {
        "components": [
          {
            "internalType": "address",
            "name": "proposer",
            "type": "address"
          },
          {
            "internalType": "uint48",
            "name": "voteStart",
            "type": "uint48"
          },
          {
            "internalType": "uint32",
            "name": "voteDuration",
            "type": "uint32"
          }
        ],
        "internalType": "struct RoundsStorageUpgradeable.RoundCore",
        "name": "",
        "type": "tuple"
      }
    ],
    "stateMutability": "view",
    "type": "function"
  },
  {
    "inputs": [
      {
        "internalType": "uint256",
        "name": "roundId",
        "type": "uint256"
      }
    ],
    "name": "getRoundAppSharesCap",
    "outputs": [
      {
        "internalType": "uint256",
        "name": "",
        "type": "uint256"
      }
    ],
    "stateMutability": "view",
    "type": "function"
  },
  {
    "inputs": [
      {
        "internalType": "uint256",
        "name": "roundId",
        "type": "uint256"
      }
    ],
    "name": "getRoundBaseAllocationPercentage",
    "outputs": [
      {
        "internalType": "uint256",
        "name": "",
        "type": "uint256"
      }
    ],
    "stateMutability": "view",
    "type": "function"
  },
  {
    "inputs": [
      {
        "internalType": "address",
        "name": "account",
        "type": "address"
      },
      {
        "internalType": "uint256",
        "name": "timepoint",
        "type": "uint256"
      }
    ],
    "name": "getVotes",
    "outputs": [
      {
        "internalType": "uint256",
        "name": "",
        "type": "uint256"
      }
    ],
    "stateMutability": "view",
    "type": "function"
  },
  {
    "inputs": [
      {
        "internalType": "bytes32",
        "name": "role",
        "type": "bytes32"
      },
      {
        "internalType": "address",
        "name": "account",
        "type": "address"
      }
    ],
    "name": "grantRole",
    "outputs": [],
    "stateMutability": "nonpayable",
    "type": "function"
  },
  {
    "inputs": [
      {
        "internalType": "bytes32",
        "name": "role",
        "type": "bytes32"
      },
      {
        "internalType": "address",
        "name": "account",
        "type": "address"
      }
    ],
    "name": "hasRole",
    "outputs": [
      {
        "internalType": "bool",
        "name": "",
        "type": "bool"
      }
    ],
    "stateMutability": "view",
    "type": "function"
  },
  {
    "inputs": [
      {
        "internalType": "uint256",
        "name": "roundId",
        "type": "uint256"
      },
      {
        "internalType": "address",
        "name": "user",
        "type": "address"
      }
    ],
    "name": "hasVoted",
    "outputs": [
      {
        "internalType": "bool",
        "name": "",
        "type": "bool"
      }
    ],
    "stateMutability": "view",
    "type": "function"
  },
  {
    "inputs": [
      {
        "internalType": "address",
        "name": "user",
        "type": "address"
      }
    ],
    "name": "hasVotedOnce",
    "outputs": [
      {
        "internalType": "bool",
        "name": "",
        "type": "bool"
      }
    ],
    "stateMutability": "view",
    "type": "function"
  },
  {
    "inputs": [
      {
        "components": [
          {
            "internalType": "contract IVotes",
            "name": "vot3Token",
            "type": "address"
          },
          {
            "internalType": "uint256",
            "name": "quorumPercentage",
            "type": "uint256"
          },
          {
            "internalType": "uint32",
            "name": "initialVotingPeriod",
            "type": "uint32"
          },
          {
            "internalType": "address",
            "name": "timeLock",
            "type": "address"
          },
          {
            "internalType": "contract IVoterRewards",
            "name": "voterRewards",
            "type": "address"
          },
          {
            "internalType": "contract IEmissions",
            "name": "emissions",
            "type": "address"
          },
          {
            "internalType": "address[]",
            "name": "admins",
            "type": "address[]"
          },
          {
            "internalType": "address",
            "name": "upgrader",
            "type": "address"
          },
          {
            "internalType": "address",
            "name": "contractsAddressManager",
            "type": "address"
          },
          {
            "internalType": "contract IX2EarnApps",
            "name": "x2EarnAppsAddress",
            "type": "address"
          },
          {
            "internalType": "uint256",
            "name": "baseAllocationPercentage",
            "type": "uint256"
          },
          {
            "internalType": "uint256",
            "name": "appSharesCap",
            "type": "uint256"
          },
          {
            "internalType": "uint256",
            "name": "votingThreshold",
            "type": "uint256"
          }
        ],
        "internalType": "struct XAllocationVoting.InitializationData",
        "name": "data",
        "type": "tuple"
      }
    ],
    "name": "initialize",
    "outputs": [],
    "stateMutability": "nonpayable",
    "type": "function"
  },
  {
    "inputs": [
      {
        "internalType": "contract IVeBetterPassport",
        "name": "_veBetterPassport",
        "type": "address"
      }
    ],
    "name": "initializeV2",
    "outputs": [],
    "stateMutability": "nonpayable",
    "type": "function"
  },
  {
    "inputs": [
      {
        "internalType": "uint256",
        "name": "roundId",
        "type": "uint256"
      }
    ],
    "name": "isActive",
    "outputs": [
      {
        "internalType": "bool",
        "name": "",
        "type": "bool"
      }
    ],
    "stateMutability": "view",
    "type": "function"
  },
  {
    "inputs": [
      {
        "internalType": "bytes32",
        "name": "appId",
        "type": "bytes32"
      },
      {
        "internalType": "uint256",
        "name": "roundId",
        "type": "uint256"
      }
    ],
    "name": "isEligibleForVote",
    "outputs": [
      {
        "internalType": "bool",
        "name": "",
        "type": "bool"
      }
    ],
    "stateMutability": "view",
    "type": "function"
  },
  {
    "inputs": [
      {
        "internalType": "uint256",
        "name": "roundId",
        "type": "uint256"
      }
    ],
    "name": "isFinalized",
    "outputs": [
      {
        "internalType": "bool",
        "name": "",
        "type": "bool"
      }
    ],
    "stateMutability": "view",
    "type": "function"
  },
  {
    "inputs": [
      {
        "internalType": "uint256",
        "name": "roundId",
        "type": "uint256"
      }
    ],
    "name": "latestSucceededRoundId",
    "outputs": [
      {
        "internalType": "uint256",
        "name": "",
        "type": "uint256"
      }
    ],
    "stateMutability": "view",
    "type": "function"
  },
  {
    "inputs": [],
    "name": "name",
    "outputs": [
      {
        "internalType": "string",
        "name": "",
        "type": "string"
      }
    ],
    "stateMutability": "view",
    "type": "function"
  },
  {
    "inputs": [],
    "name": "proxiableUUID",
    "outputs": [
      {
        "internalType": "bytes32",
        "name": "",
        "type": "bytes32"
      }
    ],
    "stateMutability": "view",
    "type": "function"
  },
  {
    "inputs": [
      {
        "internalType": "uint256",
        "name": "blockNumber",
        "type": "uint256"
      }
    ],
    "name": "quorum",
    "outputs": [
      {
        "internalType": "uint256",
        "name": "",
        "type": "uint256"
      }
    ],
    "stateMutability": "view",
    "type": "function"
  },
  {
    "inputs": [],
    "name": "quorumDenominator",
    "outputs": [
      {
        "internalType": "uint256",
        "name": "",
        "type": "uint256"
      }
    ],
    "stateMutability": "view",
    "type": "function"
  },
  {
    "inputs": [
      {
        "internalType": "uint256",
        "name": "timepoint",
        "type": "uint256"
      }
    ],
    "name": "quorumNumerator",
    "outputs": [
      {
        "internalType": "uint256",
        "name": "",
        "type": "uint256"
      }
    ],
    "stateMutability": "view",
    "type": "function"
  },
  {
    "inputs": [],
    "name": "quorumNumerator",
    "outputs": [
      {
        "internalType": "uint256",
        "name": "",
        "type": "uint256"
      }
    ],
    "stateMutability": "view",
    "type": "function"
  },
  {
    "inputs": [
      {
        "internalType": "uint256",
        "name": "roundId",
        "type": "uint256"
      }
    ],
    "name": "quorumReached",
    "outputs": [
      {
        "internalType": "bool",
        "name": "",
        "type": "bool"
      }
    ],
    "stateMutability": "view",
    "type": "function"
  },
  {
    "inputs": [
      {
        "internalType": "bytes32",
        "name": "role",
        "type": "bytes32"
      },
      {
        "internalType": "address",
        "name": "callerConfirmation",
        "type": "address"
      }
    ],
    "name": "renounceRole",
    "outputs": [],
    "stateMutability": "nonpayable",
    "type": "function"
  },
  {
    "inputs": [
      {
        "internalType": "bytes32",
        "name": "role",
        "type": "bytes32"
      },
      {
        "internalType": "address",
        "name": "account",
        "type": "address"
      }
    ],
    "name": "revokeRole",
    "outputs": [],
    "stateMutability": "nonpayable",
    "type": "function"
  },
  {
    "inputs": [
      {
        "internalType": "uint256",
        "name": "roundId",
        "type": "uint256"
      }
    ],
    "name": "roundDeadline",
    "outputs": [
      {
        "internalType": "uint256",
        "name": "",
        "type": "uint256"
      }
    ],
    "stateMutability": "view",
    "type": "function"
  },
  {
    "inputs": [
      {
        "internalType": "uint256",
        "name": "roundId",
        "type": "uint256"
      }
    ],
    "name": "roundProposer",
    "outputs": [
      {
        "internalType": "address",
        "name": "",
        "type": "address"
      }
    ],
    "stateMutability": "view",
    "type": "function"
  },
  {
    "inputs": [
      {
        "internalType": "uint256",
        "name": "roundId",
        "type": "uint256"
      }
    ],
    "name": "roundQuorum",
    "outputs": [
      {
        "internalType": "uint256",
        "name": "",
        "type": "uint256"
      }
    ],
    "stateMutability": "view",
    "type": "function"
  },
  {
    "inputs": [
      {
        "internalType": "uint256",
        "name": "roundId",
        "type": "uint256"
      }
    ],
    "name": "roundSnapshot",
    "outputs": [
      {
        "internalType": "uint256",
        "name": "",
        "type": "uint256"
      }
    ],
    "stateMutability": "view",
    "type": "function"
  },
  {
    "inputs": [
      {
        "internalType": "uint256",
        "name": "appSharesCap_",
        "type": "uint256"
      }
    ],
    "name": "setAppSharesCap",
    "outputs": [],
    "stateMutability": "nonpayable",
    "type": "function"
  },
  {
    "inputs": [
      {
        "internalType": "uint256",
        "name": "baseAllocationPercentage_",
        "type": "uint256"
      }
    ],
    "name": "setBaseAllocationPercentage",
    "outputs": [],
    "stateMutability": "nonpayable",
    "type": "function"
  },
  {
    "inputs": [
      {
        "internalType": "contract IEmissions",
        "name": "newEmissions",
        "type": "address"
      }
    ],
    "name": "setEmissionsAddress",
    "outputs": [],
    "stateMutability": "nonpayable",
    "type": "function"
  },
  {
    "inputs": [
      {
        "internalType": "contract IVeBetterPassport",
        "name": "newVeBetterPassport",
        "type": "address"
      }
    ],
    "name": "setVeBetterPassport",
    "outputs": [],
    "stateMutability": "nonpayable",
    "type": "function"
  },
  {
    "inputs": [
      {
        "internalType": "contract IVoterRewards",
        "name": "newVoterRewards",
        "type": "address"
      }
    ],
    "name": "setVoterRewardsAddress",
    "outputs": [],
    "stateMutability": "nonpayable",
    "type": "function"
  },
  {
    "inputs": [
      {
        "internalType": "uint32",
        "name": "newVotingPeriod",
        "type": "uint32"
      }
    ],
    "name": "setVotingPeriod",
    "outputs": [],
    "stateMutability": "nonpayable",
    "type": "function"
  },
  {
    "inputs": [
      {
        "internalType": "uint256",
        "name": "newVotingThreshold",
        "type": "uint256"
      }
    ],
    "name": "setVotingThreshold",
    "outputs": [],
    "stateMutability": "nonpayable",
    "type": "function"
  },
  {
    "inputs": [
      {
        "internalType": "contract IX2EarnApps",
        "name": "newX2EarnApps",
        "type": "address"
      }
    ],
    "name": "setX2EarnAppsAddress",
    "outputs": [],
    "stateMutability": "nonpayable",
    "type": "function"
  },
  {
    "inputs": [],
    "name": "startNewRound",
    "outputs": [
      {
        "internalType": "uint256",
        "name": "",
        "type": "uint256"
      }
    ],
    "stateMutability": "nonpayable",
    "type": "function"
  },
  {
    "inputs": [
      {
        "internalType": "uint256",
        "name": "roundId",
        "type": "uint256"
      }
    ],
    "name": "state",
    "outputs": [
      {
        "internalType": "enum IXAllocationVotingGovernor.RoundState",
        "name": "",
        "type": "uint8"
      }
    ],
    "stateMutability": "view",
    "type": "function"
  },
  {
    "inputs": [
      {
        "internalType": "bytes4",
        "name": "interfaceId",
        "type": "bytes4"
      }
    ],
    "name": "supportsInterface",
    "outputs": [
      {
        "internalType": "bool",
        "name": "",
        "type": "bool"
      }
    ],
    "stateMutability": "view",
    "type": "function"
  },
  {
    "inputs": [],
    "name": "token",
    "outputs": [
      {
        "internalType": "contract IERC5805",
        "name": "",
        "type": "address"
      }
    ],
    "stateMutability": "view",
    "type": "function"
  },
  {
    "inputs": [
      {
        "internalType": "uint256",
        "name": "roundId",
        "type": "uint256"
      }
    ],
    "name": "totalVoters",
    "outputs": [
      {
        "internalType": "uint256",
        "name": "",
        "type": "uint256"
      }
    ],
    "stateMutability": "view",
    "type": "function"
  },
  {
    "inputs": [
      {
        "internalType": "uint256",
        "name": "roundId",
        "type": "uint256"
      }
    ],
    "name": "totalVotes",
    "outputs": [
      {
        "internalType": "uint256",
        "name": "",
        "type": "uint256"
      }
    ],
    "stateMutability": "view",
    "type": "function"
  },
  {
    "inputs": [
      {
        "internalType": "uint256",
        "name": "roundId",
        "type": "uint256"
      }
    ],
    "name": "totalVotesQF",
    "outputs": [
      {
        "internalType": "uint256",
        "name": "",
        "type": "uint256"
      }
    ],
    "stateMutability": "view",
    "type": "function"
  },
  {
    "inputs": [
      {
        "internalType": "uint256",
        "name": "newQuorumNumerator",
        "type": "uint256"
      }
    ],
    "name": "updateQuorumNumerator",
    "outputs": [],
    "stateMutability": "nonpayable",
    "type": "function"
  },
  {
    "inputs": [
      {
        "internalType": "address",
        "name": "newImplementation",
        "type": "address"
      },
      {
        "internalType": "bytes",
        "name": "data",
        "type": "bytes"
      }
    ],
    "name": "upgradeToAndCall",
    "outputs": [],
    "stateMutability": "payable",
    "type": "function"
  },
  {
    "inputs": [],
    "name": "veBetterPassport",
    "outputs": [
      {
        "internalType": "contract IVeBetterPassport",
        "name": "",
        "type": "address"
      }
    ],
    "stateMutability": "view",
    "type": "function"
  },
  {
    "inputs": [],
    "name": "version",
    "outputs": [
      {
        "internalType": "string",
        "name": "",
        "type": "string"
      }
    ],
    "stateMutability": "view",
    "type": "function"
  },
  {
    "inputs": [],
    "name": "voterRewards",
    "outputs": [
      {
        "internalType": "contract IVoterRewards",
        "name": "",
        "type": "address"
      }
    ],
    "stateMutability": "view",
    "type": "function"
  },
  {
    "inputs": [],
    "name": "votingPeriod",
    "outputs": [
      {
        "internalType": "uint256",
        "name": "",
        "type": "uint256"
      }
    ],
    "stateMutability": "view",
    "type": "function"
  },
  {
    "inputs": [],
    "name": "votingThreshold",
    "outputs": [
      {
        "internalType": "uint256",
        "name": "",
        "type": "uint256"
      }
    ],
    "stateMutability": "view",
    "type": "function"
  },
  {
    "inputs": [],
    "name": "x2EarnApps",
    "outputs": [
      {
        "internalType": "contract IX2EarnApps",
        "name": "",
        "type": "address"
      }
    ],
    "stateMutability": "view",
    "type": "function"
  }
]
