[
    {
      "inputs": [],
      "stateMutability": "nonpayable",
      "type": "constructor"
    },
    {
      "inputs": [],
      "name": "AccessControlBadConfirmation",
      "type": "error"
    },
    {
      "inputs": [
        {
          "internalType": "address",
          "name": "account",
          "type": "address"
        },
        {
          "internalType": "bytes32",
          "name": "neededRole",
          "type": "bytes32"
        }
      ],
      "name": "AccessControlUnauthorizedAccount",
      "type": "error"
    },
    {
      "inputs": [
        {
          "internalType": "address",
          "name": "target",
          "type": "address"
        }
      ],
      "name": "AddressEmptyCode",
      "type": "error"
    },
    {
      "inputs": [
        {
          "internalType": "address",
          "name": "implementation",
          "type": "address"
        }
      ],
      "name": "ERC1967InvalidImplementation",
      "type": "error"
    },
    {
      "inputs": [],
      "name": "ERC1967NonPayable",
      "type": "error"
    },
    {
      "inputs": [],
      "name": "FailedInnerCall",
      "type": "error"
    },
    {
      "inputs": [],
      "name": "InvalidInitialization",
      "type": "error"
    },
    {
      "inputs": [],
      "name": "NotInitializing",
      "type": "error"
    },
    {
      "inputs": [],
      "name": "ReentrancyGuardReentrantCall",
      "type": "error"
    },
    {
      "inputs": [],
      "name": "UUPSUnauthorizedCallContext",
      "type": "error"
    },
    {
      "inputs": [
        {
          "internalType": "bytes32",
          "name": "slot",
          "type": "bytes32"
        }
      ],
      "name": "UUPSUnsupportedProxiableUUID",
      "type": "error"
    },
    {
      "anonymous": false,
      "inputs": [
        {
          "indexed": true,
          "internalType": "uint256",
          "name": "newDuration",
          "type": "uint256"
        },
        {
          "indexed": true,
          "internalType": "uint256",
          "name": "oldDuration",
          "type": "uint256"
        }
      ],
      "name": "EmissionCycleDurationUpdated",
      "type": "event"
    },
    {
      "anonymous": false,
      "inputs": [
        {
          "indexed": true,
          "internalType": "uint256",
          "name": "cycle",
          "type": "uint256"
        },
        {
          "indexed": false,
          "internalType": "uint256",
          "name": "xAllocations",
          "type": "uint256"
        },
        {
          "indexed": false,
          "internalType": "uint256",
          "name": "vote2Earn",
          "type": "uint256"
        },
        {
          "indexed": false,
          "internalType": "uint256",
          "name": "treasury",
          "type": "uint256"
        }
      ],
      "name": "EmissionDistributed",
      "type": "event"
    },
    {
      "anonymous": false,
      "inputs": [
        {
          "indexed": true,
          "internalType": "uint256",
          "name": "cycle",
          "type": "uint256"
        },
        {
          "indexed": false,
          "internalType": "uint256",
          "name": "xAllocations",
          "type": "uint256"
        },
        {
          "indexed": false,
          "internalType": "uint256",
          "name": "vote2Earn",
          "type": "uint256"
        },
        {
          "indexed": false,
          "internalType": "uint256",
          "name": "treasury",
          "type": "uint256"
        },
        {
          "indexed": false,
          "internalType": "uint256",
          "name": "gm",
          "type": "uint256"
        }
      ],
      "name": "EmissionDistributedV2",
      "type": "event"
    },
    {
      "anonymous": false,
      "inputs": [
        {
          "indexed": true,
          "internalType": "uint256",
          "name": "newPercentage",
          "type": "uint256"
        },
        {
          "indexed": true,
          "internalType": "uint256",
          "name": "oldPercentage",
          "type": "uint256"
        }
      ],
      "name": "GMPercentageUpdated",
      "type": "event"
    },
    {
      "anonymous": false,
      "inputs": [
        {
          "indexed": false,
          "internalType": "uint64",
          "name": "version",
          "type": "uint64"
        }
      ],
      "name": "Initialized",
      "type": "event"
    },
    {
      "anonymous": false,
      "inputs": [
        {
          "indexed": true,
          "internalType": "uint256",
          "name": "newDecay",
          "type": "uint256"
        },
        {
          "indexed": true,
          "internalType": "uint256",
          "name": "oldDecay",
          "type": "uint256"
        }
      ],
      "name": "MaxVote2EarnDecayUpdated",
      "type": "event"
    },
    {
      "anonymous": false,
      "inputs": [
        {
          "indexed": true,
          "internalType": "bytes32",
          "name": "role",
          "type": "bytes32"
        },
        {
          "indexed": true,
          "internalType": "bytes32",
          "name": "previousAdminRole",
          "type": "bytes32"
        },
        {
          "indexed": true,
          "internalType": "bytes32",
          "name": "newAdminRole",
          "type": "bytes32"
        }
      ],
      "name": "RoleAdminChanged",
      "type": "event"
    },
    {
      "anonymous": false,
      "inputs": [
        {
          "indexed": true,
          "internalType": "bytes32",
          "name": "role",
          "type": "bytes32"
        },
        {
          "indexed": true,
          "internalType": "address",
          "name": "account",
          "type": "address"
        },
        {
          "indexed": true,
          "internalType": "address",
          "name": "sender",
          "type": "address"
        }
      ],
      "name": "RoleGranted",
      "type": "event"
    },
    {
      "anonymous": false,
      "inputs": [
        {
          "indexed": true,
          "internalType": "bytes32",
          "name": "role",
          "type": "bytes32"
        },
        {
          "indexed": true,
          "internalType": "address",
          "name": "account",
          "type": "address"
        },
        {
          "indexed": true,
          "internalType": "address",
          "name": "sender",
          "type": "address"
        }
      ],
      "name": "RoleRevoked",
      "type": "event"
    },
    {
      "anonymous": false,
      "inputs": [
        {
          "indexed": true,
          "internalType": "address",
          "name": "newAddress",
          "type": "address"
        },
        {
          "indexed": true,
          "internalType": "address",
          "name": "oldAddress",
          "type": "address"
        }
      ],
      "name": "TreasuryAddressUpdated",
      "type": "event"
    },
    {
      "anonymous": false,
      "inputs": [
        {
          "indexed": true,
          "internalType": "uint256",
          "name": "newPercentage",
          "type": "uint256"
        },
        {
          "indexed": true,
          "internalType": "uint256",
          "name": "oldPercentage",
          "type": "uint256"
        }
      ],
      "name": "TreasuryPercentageUpdated",
      "type": "event"
    },
    {
      "anonymous": false,
      "inputs": [
        {
          "indexed": true,
          "internalType": "address",
          "name": "implementation",
          "type": "address"
        }
      ],
      "name": "Upgraded",
      "type": "event"
    },
    {
      "anonymous": false,
      "inputs": [
        {
          "indexed": true,
          "internalType": "address",
          "name": "newAddress",
          "type": "address"
        },
        {
          "indexed": true,
          "internalType": "address",
          "name": "oldAddress",
          "type": "address"
        }
      ],
      "name": "Vote2EarnAddressUpdated",
      "type": "event"
    },
    {
      "anonymous": false,
      "inputs": [
        {
          "indexed": true,
          "internalType": "uint256",
          "name": "newPeriod",
          "type": "uint256"
        },
        {
          "indexed": true,
          "internalType": "uint256",
          "name": "oldPeriod",
          "type": "uint256"
        }
      ],
      "name": "Vote2EarnDecayPeriodUpdated",
      "type": "event"
    },
    {
      "anonymous": false,
      "inputs": [
        {
          "indexed": true,
          "internalType": "uint256",
          "name": "newDecay",
          "type": "uint256"
        },
        {
          "indexed": true,
          "internalType": "uint256",
          "name": "oldDecay",
          "type": "uint256"
        }
      ],
      "name": "Vote2EarnDecayUpdated",
      "type": "event"
    },
    {
      "anonymous": false,
      "inputs": [
        {
          "indexed": true,
          "internalType": "address",
          "name": "newAddress",
          "type": "address"
        },
        {
          "indexed": true,
          "internalType": "address",
          "name": "oldAddress",
          "type": "address"
        }
      ],
      "name": "XAllocationsAddressUpdated",
      "type": "event"
    },
    {
      "anonymous": false,
      "inputs": [
        {
          "indexed": true,
          "internalType": "uint256",
          "name": "newPeriod",
          "type": "uint256"
        },
        {
          "indexed": true,
          "internalType": "uint256",
          "name": "oldPeriod",
          "type": "uint256"
        }
      ],
      "name": "XAllocationsDecayPeriodUpdated",
      "type": "event"
    },
    {
      "anonymous": false,
      "inputs": [
        {
          "indexed": true,
          "internalType": "uint256",
          "name": "newDecay",
          "type": "uint256"
        },
        {
          "indexed": true,
          "internalType": "uint256",
          "name": "oldDecay",
          "type": "uint256"
        }
      ],
      "name": "XAllocationsDecayUpdated",
      "type": "event"
    },
    {
      "anonymous": false,
      "inputs": [
        {
          "indexed": true,
          "internalType": "address",
          "name": "newAddress",
          "type": "address"
        },
        {
          "indexed": true,
          "internalType": "address",
          "name": "oldAddress",
          "type": "address"
        }
      ],
      "name": "XAllocationsGovernorAddressUpdated",
      "type": "event"
    },
    {
      "inputs": [],
      "name": "CONTRACTS_ADDRESS_MANAGER_ROLE",
      "outputs": [
        {
          "internalType": "bytes32",
          "name": "",
          "type": "bytes32"
        }
      ],
      "stateMutability": "view",
      "type": "function"
    },
    {
      "inputs": [],
      "name": "DECAY_SETTINGS_MANAGER_ROLE",
      "outputs": [
        {
          "internalType": "bytes32",
          "name": "",
          "type": "bytes32"
        }
      ],
      "stateMutability": "view",
      "type": "function"
    },
    {
      "inputs": [],
      "name": "DEFAULT_ADMIN_ROLE",
      "outputs": [
        {
          "internalType": "bytes32",
          "name": "",
          "type": "bytes32"
        }
      ],
      "stateMutability": "view",
      "type": "function"
    },
    {
      "inputs": [],
      "name": "MINTER_ROLE",
      "outputs": [
        {
          "internalType": "bytes32",
          "name": "",
          "type": "bytes32"
        }
      ],
      "stateMutability": "view",
      "type": "function"
    },
    {
      "inputs": [],
      "name": "SCALING_FACTOR",
      "outputs": [
        {
          "internalType": "uint256",
          "name": "",
          "type": "uint256"
        }
      ],
      "stateMutability": "view",
      "type": "function"
    },
    {
      "inputs": [],
      "name": "UPGRADER_ROLE",
      "outputs": [
        {
          "internalType": "bytes32",
          "name": "",
          "type": "bytes32"
        }
      ],
      "stateMutability": "view",
      "type": "function"
    },
    {
      "inputs": [],
      "name": "UPGRADE_INTERFACE_VERSION",
      "outputs": [
        {
          "internalType": "string",
          "name": "",
          "type": "string"
        }
      ],
      "stateMutability": "view",
      "type": "function"
    },
    {
      "inputs": [],
      "name": "b3tr",
      "outputs": [
        {
          "internalType": "contract IB3TR",
          "name": "",
          "type": "address"
        }
      ],
      "stateMutability": "view",
      "type": "function"
    },
    {
      "inputs": [],
      "name": "bootstrap",
      "outputs": [],
      "stateMutability": "nonpayable",
      "type": "function"
    },
    {
      "inputs": [],
      "name": "cycleDuration",
      "outputs": [
        {
          "internalType": "uint256",
          "name": "",
          "type": "uint256"
        }
      ],
      "stateMutability": "view",
      "type": "function"
    },
    {
      "inputs": [],
      "name": "distribute",
      "outputs": [],
      "stateMutability": "nonpayable",
      "type": "function"
    },
    {
      "inputs": [
        {
          "internalType": "uint256",
          "name": "cycle",
          "type": "uint256"
        }
      ],
      "name": "emissions",
      "outputs": [
        {
          "internalType": "uint256",
          "name": "xAllocationsAmount",
          "type": "uint256"
        },
        {
          "internalType": "uint256",
          "name": "vote2EarnAmount",
          "type": "uint256"
        },
        {
          "internalType": "uint256",
          "name": "treasuryAmount",
          "type": "uint256"
        },
        {
          "internalType": "uint256",
          "name": "gmAmount",
          "type": "uint256"
        }
      ],
      "stateMutability": "view",
      "type": "function"
    },
    {
      "inputs": [],
      "name": "getCurrentCycle",
      "outputs": [
        {
          "internalType": "uint256",
          "name": "",
          "type": "uint256"
        }
      ],
      "stateMutability": "view",
      "type": "function"
    },
    {
      "inputs": [
        {
          "internalType": "uint256",
          "name": "cycle",
          "type": "uint256"
        }
      ],
      "name": "getGMAmount",
      "outputs": [
        {
          "internalType": "uint256",
          "name": "",
          "type": "uint256"
        }
      ],
      "stateMutability": "view",
      "type": "function"
    },
    {
      "inputs": [],
      "name": "getNextCycleBlock",
      "outputs": [
        {
          "internalType": "uint256",
          "name": "",
          "type": "uint256"
        }
      ],
      "stateMutability": "view",
      "type": "function"
    },
    {
      "inputs": [],
      "name": "getRemainingEmissions",
      "outputs": [
        {
          "internalType": "uint256",
          "name": "",
          "type": "uint256"
        }
      ],
      "stateMutability": "view",
      "type": "function"
    },
    {
      "inputs": [
        {
          "internalType": "bytes32",
          "name": "role",
          "type": "bytes32"
        }
      ],
      "name": "getRoleAdmin",
      "outputs": [
        {
          "internalType": "bytes32",
          "name": "",
          "type": "bytes32"
        }
      ],
      "stateMutability": "view",
      "type": "function"
    },
    {
      "inputs": [
        {
          "internalType": "uint256",
          "name": "cycle",
          "type": "uint256"
        }
      ],
      "name": "getTreasuryAmount",
      "outputs": [
        {
          "internalType": "uint256",
          "name": "",
          "type": "uint256"
        }
      ],
      "stateMutability": "view",
      "type": "function"
    },
    {
      "inputs": [
        {
          "internalType": "uint256",
          "name": "cycle",
          "type": "uint256"
        }
      ],
      "name": "getVote2EarnAmount",
      "outputs": [
        {
          "internalType": "uint256",
          "name": "",
          "type": "uint256"
        }
      ],
      "stateMutability": "view",
      "type": "function"
    },
    {
      "inputs": [
        {
          "internalType": "uint256",
          "name": "cycle",
          "type": "uint256"
        }
      ],
      "name": "getXAllocationAmount",
      "outputs": [
        {
          "internalType": "uint256",
          "name": "",
          "type": "uint256"
        }
      ],
      "stateMutability": "view",
      "type": "function"
    },
    {
      "inputs": [],
      "name": "gmPercentage",
      "outputs": [
        {
          "internalType": "uint256",
          "name": "",
          "type": "uint256"
        }
      ],
      "stateMutability": "view",
      "type": "function"
    },
    {
      "inputs": [
        {
          "internalType": "bytes32",
          "name": "role",
          "type": "bytes32"
        },
        {
          "internalType": "address",
          "name": "account",
          "type": "address"
        }
      ],
      "name": "grantRole",
      "outputs": [],
      "stateMutability": "nonpayable",
      "type": "function"
    },
    {
      "inputs": [
        {
          "internalType": "bytes32",
          "name": "role",
          "type": "bytes32"
        },
        {
          "internalType": "address",
          "name": "account",
          "type": "address"
        }
      ],
      "name": "hasRole",
      "outputs": [
        {
          "internalType": "bool",
          "name": "",
          "type": "bool"
        }
      ],
      "stateMutability": "view",
      "type": "function"
    },
    {
      "inputs": [],
      "name": "initialXAppAllocation",
      "outputs": [
        {
          "internalType": "uint256",
          "name": "",
          "type": "uint256"
        }
      ],
      "stateMutability": "view",
      "type": "function"
    },
    {
      "inputs": [
        {
          "components": [
            {
              "internalType": "address",
              "name": "minter",
              "type": "address"
            },
            {
              "internalType": "address",
              "name": "admin",
              "type": "address"
            },
            {
              "internalType": "address",
              "name": "upgrader",
              "type": "address"
            },
            {
              "internalType": "address",
              "name": "contractsAddressManager",
              "type": "address"
            },
            {
              "internalType": "address",
              "name": "decaySettingsManager",
              "type": "address"
            },
            {
              "internalType": "address",
              "name": "b3trAddress",
              "type": "address"
            },
            {
              "internalType": "address[4]",
              "name": "destinations",
              "type": "address[4]"
            },
            {
              "internalType": "uint256",
              "name": "migrationAmount",
              "type": "uint256"
            },
            {
              "internalType": "uint256",
              "name": "initialXAppAllocation",
              "type": "uint256"
            },
            {
              "internalType": "uint256",
              "name": "cycleDuration",
              "type": "uint256"
            },
            {
              "internalType": "uint256[4]",
              "name": "decaySettings",
              "type": "uint256[4]"
            },
            {
              "internalType": "uint256",
              "name": "treasuryPercentage",
              "type": "uint256"
            },
            {
              "internalType": "uint256",
              "name": "maxVote2EarnDecay",
              "type": "uint256"
            }
          ],
          "internalType": "struct Emissions.InitializationData",
          "name": "data",
          "type": "tuple"
        }
      ],
      "name": "initialize",
      "outputs": [],
      "stateMutability": "nonpayable",
      "type": "function"
    },
    {
      "inputs": [
        {
          "internalType": "bool",
          "name": "_isEmissionsNotAligned",
          "type": "bool"
        }
      ],
      "name": "initializeV2",
      "outputs": [],
      "stateMutability": "nonpayable",
      "type": "function"
    },
    {
      "inputs": [
        {
          "internalType": "uint256",
          "name": "_gmPercentage",
          "type": "uint256"
        }
      ],
      "name": "initializeV3",
      "outputs": [],
      "stateMutability": "nonpayable",
      "type": "function"
    },
    {
      "inputs": [
        {
          "internalType": "uint256",
          "name": "cycle",
          "type": "uint256"
        }
      ],
      "name": "isCycleDistributed",
      "outputs": [
        {
          "internalType": "bool",
          "name": "",
          "type": "bool"
        }
      ],
      "stateMutability": "view",
      "type": "function"
    },
    {
      "inputs": [
        {
          "internalType": "uint256",
          "name": "cycle",
          "type": "uint256"
        }
      ],
      "name": "isCycleEnded",
      "outputs": [
        {
          "internalType": "bool",
          "name": "",
          "type": "bool"
        }
      ],
      "stateMutability": "view",
      "type": "function"
    },
    {
      "inputs": [],
      "name": "isEmissionsNotAligned",
      "outputs": [
        {
          "internalType": "bool",
          "name": "",
          "type": "bool"
        }
      ],
      "stateMutability": "view",
      "type": "function"
    },
    {
      "inputs": [],
      "name": "isNextCycleDistributable",
      "outputs": [
        {
          "internalType": "bool",
          "name": "",
          "type": "bool"
        }
      ],
      "stateMutability": "view",
      "type": "function"
    },
    {
      "inputs": [],
      "name": "lastEmissionBlock",
      "outputs": [
        {
          "internalType": "uint256",
          "name": "",
          "type": "uint256"
        }
      ],
      "stateMutability": "view",
      "type": "function"
    },
    {
      "inputs": [],
      "name": "maxVote2EarnDecay",
      "outputs": [
        {
          "internalType": "uint256",
          "name": "",
          "type": "uint256"
        }
      ],
      "stateMutability": "view",
      "type": "function"
    },
    {
      "inputs": [],
      "name": "nextCycle",
      "outputs": [
        {
          "internalType": "uint256",
          "name": "",
          "type": "uint256"
        }
      ],
      "stateMutability": "view",
      "type": "function"
    },
    {
      "inputs": [],
      "name": "proxiableUUID",
      "outputs": [
        {
          "internalType": "bytes32",
          "name": "",
          "type": "bytes32"
        }
      ],
      "stateMutability": "view",
      "type": "function"
    },
    {
      "inputs": [
        {
          "internalType": "bytes32",
          "name": "role",
          "type": "bytes32"
        },
        {
          "internalType": "address",
          "name": "callerConfirmation",
          "type": "address"
        }
      ],
      "name": "renounceRole",
      "outputs": [],
      "stateMutability": "nonpayable",
      "type": "function"
    },
    {
      "inputs": [
        {
          "internalType": "bytes32",
          "name": "role",
          "type": "bytes32"
        },
        {
          "internalType": "address",
          "name": "account",
          "type": "address"
        }
      ],
      "name": "revokeRole",
      "outputs": [],
      "stateMutability": "nonpayable",
      "type": "function"
    },
    {
      "inputs": [
        {
          "internalType": "uint256",
          "name": "_cycleDuration",
          "type": "uint256"
        }
      ],
      "name": "setCycleDuration",
      "outputs": [],
      "stateMutability": "nonpayable",
      "type": "function"
    },
    {
      "inputs": [
        {
          "internalType": "uint256",
          "name": "_percentage",
          "type": "uint256"
        }
      ],
      "name": "setGmPercentage",
      "outputs": [],
      "stateMutability": "nonpayable",
      "type": "function"
    },
    {
      "inputs": [
        {
          "internalType": "uint256",
          "name": "_maxVote2EarnDecay",
          "type": "uint256"
        }
      ],
      "name": "setMaxVote2EarnDecay",
      "outputs": [],
      "stateMutability": "nonpayable",
      "type": "function"
    },
    {
      "inputs": [
        {
          "internalType": "address",
          "name": "treasuryAddress",
          "type": "address"
        }
      ],
      "name": "setTreasuryAddress",
      "outputs": [],
      "stateMutability": "nonpayable",
      "type": "function"
    },
    {
      "inputs": [
        {
          "internalType": "uint256",
          "name": "_percentage",
          "type": "uint256"
        }
      ],
      "name": "setTreasuryPercentage",
      "outputs": [],
      "stateMutability": "nonpayable",
      "type": "function"
    },
    {
      "inputs": [
        {
          "internalType": "address",
          "name": "vote2EarnAddress",
          "type": "address"
        }
      ],
      "name": "setVote2EarnAddress",
      "outputs": [],
      "stateMutability": "nonpayable",
      "type": "function"
    },
    {
      "inputs": [
        {
          "internalType": "uint256",
          "name": "_decay",
          "type": "uint256"
        }
      ],
      "name": "setVote2EarnDecay",
      "outputs": [],
      "stateMutability": "nonpayable",
      "type": "function"
    },
    {
      "inputs": [
        {
          "internalType": "uint256",
          "name": "_period",
          "type": "uint256"
        }
      ],
      "name": "setVote2EarnDecayPeriod",
      "outputs": [],
      "stateMutability": "nonpayable",
      "type": "function"
    },
    {
      "inputs": [
        {
          "internalType": "uint256",
          "name": "_decay",
          "type": "uint256"
        }
      ],
      "name": "setXAllocationsDecay",
      "outputs": [],
      "stateMutability": "nonpayable",
      "type": "function"
    },
    {
      "inputs": [
        {
          "internalType": "uint256",
          "name": "_period",
          "type": "uint256"
        }
      ],
      "name": "setXAllocationsDecayPeriod",
      "outputs": [],
      "stateMutability": "nonpayable",
      "type": "function"
    },
    {
      "inputs": [
        {
          "internalType": "address",
          "name": "_xAllocationsGovernor",
          "type": "address"
        }
      ],
      "name": "setXAllocationsGovernorAddress",
      "outputs": [],
      "stateMutability": "nonpayable",
      "type": "function"
    },
    {
      "inputs": [
        {
          "internalType": "address",
          "name": "xAllocationAddress",
          "type": "address"
        }
      ],
      "name": "setXallocationsAddress",
      "outputs": [],
      "stateMutability": "nonpayable",
      "type": "function"
    },
    {
      "inputs": [],
      "name": "start",
      "outputs": [],
      "stateMutability": "nonpayable",
      "type": "function"
    },
    {
      "inputs": [
        {
          "internalType": "bytes4",
          "name": "interfaceId",
          "type": "bytes4"
        }
      ],
      "name": "supportsInterface",
      "outputs": [
        {
          "internalType": "bool",
          "name": "",
          "type": "bool"
        }
      ],
      "stateMutability": "view",
      "type": "function"
    },
    {
      "inputs": [],
      "name": "totalEmissions",
      "outputs": [
        {
          "internalType": "uint256",
          "name": "",
          "type": "uint256"
        }
      ],
      "stateMutability": "view",
      "type": "function"
    },
    {
      "inputs": [],
      "name": "treasury",
      "outputs": [
        {
          "internalType": "address",
          "name": "",
          "type": "address"
        }
      ],
      "stateMutability": "view",
      "type": "function"
    },
    {
      "inputs": [],
      "name": "treasuryPercentage",
      "outputs": [
        {
          "internalType": "uint256",
          "name": "",
          "type": "uint256"
        }
      ],
      "stateMutability": "view",
      "type": "function"
    },
    {
      "inputs": [
        {
          "internalType": "address",
          "name": "newImplementation",
          "type": "address"
        },
        {
          "internalType": "bytes",
          "name": "data",
          "type": "bytes"
        }
      ],
      "name": "upgradeToAndCall",
      "outputs": [],
      "stateMutability": "payable",
      "type": "function"
    },
    {
      "inputs": [],
      "name": "version",
      "outputs": [
        {
          "internalType": "string",
          "name": "",
          "type": "string"
        }
      ],
      "stateMutability": "pure",
      "type": "function"
    },
    {
      "inputs": [],
      "name": "vote2Earn",
      "outputs": [
        {
          "internalType": "address",
          "name": "",
          "type": "address"
        }
      ],
      "stateMutability": "view",
      "type": "function"
    },
    {
      "inputs": [],
      "name": "vote2EarnDecay",
      "outputs": [
        {
          "internalType": "uint256",
          "name": "",
          "type": "uint256"
        }
      ],
      "stateMutability": "view",
      "type": "function"
    },
    {
      "inputs": [],
      "name": "vote2EarnDecayPeriod",
      "outputs": [
        {
          "internalType": "uint256",
          "name": "",
          "type": "uint256"
        }
      ],
      "stateMutability": "view",
      "type": "function"
    },
    {
      "inputs": [],
      "name": "xAllocations",
      "outputs": [
        {
          "internalType": "address",
          "name": "",
          "type": "address"
        }
      ],
      "stateMutability": "view",
      "type": "function"
    },
    {
      "inputs": [],
      "name": "xAllocationsDecay",
      "outputs": [
        {
          "internalType": "uint256",
          "name": "",
          "type": "uint256"
        }
      ],
      "stateMutability": "view",
      "type": "function"
    },
    {
      "inputs": [],
      "name": "xAllocationsDecayPeriod",
      "outputs": [
        {
          "internalType": "uint256",
          "name": "",
          "type": "uint256"
        }
      ],
      "stateMutability": "view",
      "type": "function"
    },
    {
      "inputs": [],
      "name": "xAllocationsGovernor",
      "outputs": [
        {
          "internalType": "contract IXAllocationVotingGovernor",
          "name": "",
          "type": "address"
        }
      ],
      "stateMutability": "view",
      "type": "function"
    }
]