[
  {
    "inputs": [],
    "stateMutability": "nonpayable",
    "type": "constructor"
  },
  {
    "inputs": [],
    "name": "AccessControlBadConfirmation",
    "type": "error"
  },
  {
    "inputs": [
      {
        "internalType": "address",
        "name": "account",
        "type": "address"
      },
      {
        "internalType": "bytes32",
        "name": "neededRole",
        "type": "bytes32"
      }
    ],
    "name": "AccessControlUnauthorizedAccount",
    "type": "error"
  },
  {
    "inputs": [
      {
        "internalType": "address",
        "name": "target",
        "type": "address"
      }
    ],
    "name": "AddressEmptyCode",
    "type": "error"
  },
  {
    "inputs": [
      {
        "internalType": "address",
        "name": "implementation",
        "type": "address"
      }
    ],
    "name": "ERC1967InvalidImplementation",
    "type": "error"
  },
  {
    "inputs": [],
    "name": "ERC1967NonPayable",
    "type": "error"
  },
  {
    "inputs": [],
    "name": "EnforcedPause",
    "type": "error"
  },
  {
    "inputs": [],
    "name": "ExpectedPause",
    "type": "error"
  },
  {
    "inputs": [],
    "name": "FailedInnerCall",
    "type": "error"
  },
  {
    "inputs": [
      {
        "internalType": "address",
        "name": "voter",
        "type": "address"
      }
    ],
    "name": "GovernorAlreadyCastVote",
    "type": "error"
  },
  {
    "inputs": [
      {
        "internalType": "uint256",
        "name": "proposalId",
        "type": "uint256"
      }
    ],
    "name": "GovernorAlreadyQueuedProposal",
    "type": "error"
  },
  {
    "inputs": [
      {
        "internalType": "uint256",
        "name": "depositThreshold",
        "type": "uint256"
      }
    ],
    "name": "GovernorDepositThresholdNotInRange",
    "type": "error"
  },
  {
    "inputs": [],
    "name": "GovernorDisabledDeposit",
    "type": "error"
  },
  {
    "inputs": [
      {
        "internalType": "address",
        "name": "proposer",
        "type": "address"
      },
      {
        "internalType": "uint256",
        "name": "votes",
        "type": "uint256"
      },
      {
        "internalType": "uint256",
        "name": "threshold",
        "type": "uint256"
      }
    ],
    "name": "GovernorInsufficientProposerVotes",
    "type": "error"
  },
  {
    "inputs": [],
    "name": "GovernorInvalidDepositAmount",
    "type": "error"
  },
  {
    "inputs": [
      {
        "internalType": "uint256",
        "name": "targets",
        "type": "uint256"
      },
      {
        "internalType": "uint256",
        "name": "calldatas",
        "type": "uint256"
      },
      {
        "internalType": "uint256",
        "name": "values",
        "type": "uint256"
      }
    ],
    "name": "GovernorInvalidProposalLength",
    "type": "error"
  },
  {
    "inputs": [
      {
        "internalType": "uint256",
        "name": "quorumNumerator",
        "type": "uint256"
      },
      {
        "internalType": "uint256",
        "name": "quorumDenominator",
        "type": "uint256"
      }
    ],
    "name": "GovernorInvalidQuorumFraction",
    "type": "error"
  },
  {
    "inputs": [
      {
        "internalType": "uint256",
        "name": "roundId",
        "type": "uint256"
      }
    ],
    "name": "GovernorInvalidStartRound",
    "type": "error"
  },
  {
    "inputs": [],
    "name": "GovernorInvalidVoteType",
    "type": "error"
  },
  {
    "inputs": [
      {
        "internalType": "uint256",
        "name": "votingPeriod",
        "type": "uint256"
      }
    ],
    "name": "GovernorInvalidVotingPeriod",
    "type": "error"
  },
  {
    "inputs": [
      {
        "internalType": "uint256",
        "name": "proposalId",
        "type": "uint256"
      },
      {
        "internalType": "address",
        "name": "depositer",
        "type": "address"
      }
    ],
    "name": "GovernorNoDepositToWithdraw",
    "type": "error"
  },
  {
    "inputs": [
      {
        "internalType": "uint256",
        "name": "proposalId",
        "type": "uint256"
      }
    ],
    "name": "GovernorNonexistentProposal",
    "type": "error"
  },
  {
    "inputs": [
      {
        "internalType": "uint256",
        "name": "proposalId",
        "type": "uint256"
      }
    ],
    "name": "GovernorNotQueuedProposal",
    "type": "error"
  },
  {
    "inputs": [
      {
        "internalType": "address",
        "name": "account",
        "type": "address"
      }
    ],
    "name": "GovernorOnlyExecutor",
    "type": "error"
  },
  {
    "inputs": [
      {
        "internalType": "address",
        "name": "account",
        "type": "address"
      }
    ],
    "name": "GovernorOnlyExecutor",
    "type": "error"
  },
  {
    "inputs": [
      {
        "internalType": "address",
        "name": "account",
        "type": "address"
      }
    ],
    "name": "GovernorOnlyProposer",
    "type": "error"
  },
  {
    "inputs": [
      {
        "internalType": "address",
        "name": "voter",
        "type": "address"
      },
      {
        "internalType": "string",
        "name": "explanation",
        "type": "string"
      }
    ],
    "name": "GovernorPersonhoodVerificationFailed",
    "type": "error"
  },
  {
    "inputs": [],
    "name": "GovernorQueueNotImplemented",
    "type": "error"
  },
  {
    "inputs": [
      {
        "internalType": "address",
        "name": "proposer",
        "type": "address"
      }
    ],
    "name": "GovernorRestrictedProposer",
    "type": "error"
  },
  {
    "inputs": [
      {
        "internalType": "uint256",
        "name": "proposalId",
        "type": "uint256"
      },
      {
        "internalType": "enum GovernorTypes.ProposalState",
        "name": "current",
        "type": "uint8"
      },
      {
        "internalType": "bytes32",
        "name": "expectedStates",
        "type": "bytes32"
      }
    ],
    "name": "GovernorUnexpectedProposalState",
    "type": "error"
  },
  {
    "inputs": [
      {
        "internalType": "uint256",
        "name": "threshold",
        "type": "uint256"
      },
      {
        "internalType": "uint256",
        "name": "votes",
        "type": "uint256"
      }
    ],
    "name": "GovernorVotingThresholdNotMet",
    "type": "error"
  },
  {
    "inputs": [],
    "name": "InvalidInitialization",
    "type": "error"
  },
  {
    "inputs": [],
    "name": "NotInitializing",
    "type": "error"
  },
  {
    "inputs": [],
    "name": "QueueEmpty",
    "type": "error"
  },
  {
    "inputs": [],
    "name": "UUPSUnauthorizedCallContext",
    "type": "error"
  },
  {
    "inputs": [
      {
        "internalType": "bytes32",
        "name": "slot",
        "type": "bytes32"
      }
    ],
    "name": "UUPSUnsupportedProxiableUUID",
    "type": "error"
  },
  {
    "inputs": [
      {
        "internalType": "address",
        "name": "user",
        "type": "address"
      }
    ],
    "name": "UnauthorizedAccess",
    "type": "error"
  },
  {
    "anonymous": false,
    "inputs": [
      {
        "indexed": true,
        "internalType": "address",
        "name": "target",
        "type": "address"
      },
      {
        "indexed": true,
        "internalType": "bytes4",
        "name": "functionSelector",
        "type": "bytes4"
      },
      {
        "indexed": false,
        "internalType": "bool",
        "name": "isWhitelisted",
        "type": "bool"
      }
    ],
    "name": "FunctionWhitelisted",
    "type": "event"
  },
  {
    "anonymous": false,
    "inputs": [
      {
        "indexed": false,
        "internalType": "uint64",
        "name": "version",
        "type": "uint64"
      }
    ],
    "name": "Initialized",
    "type": "event"
  },
  {
    "anonymous": false,
    "inputs": [
      {
        "indexed": false,
        "internalType": "address",
        "name": "account",
        "type": "address"
      }
    ],
    "name": "Paused",
    "type": "event"
  },
  {
    "anonymous": false,
    "inputs": [
      {
        "indexed": false,
        "internalType": "uint256",
        "name": "proposalId",
        "type": "uint256"
      }
    ],
    "name": "ProposalCanceled",
    "type": "event"
  },
  {
    "anonymous": false,
    "inputs": [
      {
        "indexed": true,
        "internalType": "uint256",
        "name": "proposalId",
        "type": "uint256"
      },
      {
        "indexed": true,
        "internalType": "address",
        "name": "proposer",
        "type": "address"
      },
      {
        "indexed": false,
        "internalType": "address[]",
        "name": "targets",
        "type": "address[]"
      },
      {
        "indexed": false,
        "internalType": "uint256[]",
        "name": "values",
        "type": "uint256[]"
      },
      {
        "indexed": false,
        "internalType": "string[]",
        "name": "signatures",
        "type": "string[]"
      },
      {
        "indexed": false,
        "internalType": "bytes[]",
        "name": "calldatas",
        "type": "bytes[]"
      },
      {
        "indexed": false,
        "internalType": "string",
        "name": "description",
        "type": "string"
      },
      {
        "indexed": true,
        "internalType": "uint256",
        "name": "roundIdVoteStart",
        "type": "uint256"
      },
      {
        "indexed": false,
        "internalType": "uint256",
        "name": "depositThreshold",
        "type": "uint256"
      }
    ],
    "name": "ProposalCreated",
    "type": "event"
  },
  {
    "anonymous": false,
    "inputs": [
      {
        "indexed": true,
        "internalType": "address",
        "name": "depositor",
        "type": "address"
      },
      {
        "indexed": true,
        "internalType": "uint256",
        "name": "proposalId",
        "type": "uint256"
      },
      {
        "indexed": false,
        "internalType": "uint256",
        "name": "amount",
        "type": "uint256"
      }
    ],
    "name": "ProposalDeposit",
    "type": "event"
  },
  {
    "anonymous": false,
    "inputs": [
      {
        "indexed": false,
        "internalType": "uint256",
        "name": "proposalId",
        "type": "uint256"
      }
    ],
    "name": "ProposalExecuted",
    "type": "event"
  },
  {
    "anonymous": false,
    "inputs": [
      {
        "indexed": false,
        "internalType": "uint256",
        "name": "proposalId",
        "type": "uint256"
      },
      {
        "indexed": false,
        "internalType": "uint256",
        "name": "etaSeconds",
        "type": "uint256"
      }
    ],
    "name": "ProposalQueued",
    "type": "event"
  },
  {
    "anonymous": false,
    "inputs": [
      {
        "indexed": true,
        "internalType": "bool",
        "name": "disabled",
        "type": "bool"
      }
    ],
    "name": "QuadraticVotingToggled",
    "type": "event"
  },
  {
    "anonymous": false,
    "inputs": [
      {
        "indexed": false,
        "internalType": "uint256",
        "name": "oldNumerator",
        "type": "uint256"
      },
      {
        "indexed": false,
        "internalType": "uint256",
        "name": "newNumerator",
        "type": "uint256"
      }
    ],
    "name": "QuorumNumeratorUpdated",
    "type": "event"
  },
  {
    "anonymous": false,
    "inputs": [
      {
        "indexed": true,
        "internalType": "bytes32",
        "name": "role",
        "type": "bytes32"
      },
      {
        "indexed": true,
        "internalType": "bytes32",
        "name": "previousAdminRole",
        "type": "bytes32"
      },
      {
        "indexed": true,
        "internalType": "bytes32",
        "name": "newAdminRole",
        "type": "bytes32"
      }
    ],
    "name": "RoleAdminChanged",
    "type": "event"
  },
  {
    "anonymous": false,
    "inputs": [
      {
        "indexed": true,
        "internalType": "bytes32",
        "name": "role",
        "type": "bytes32"
      },
      {
        "indexed": true,
        "internalType": "address",
        "name": "account",
        "type": "address"
      },
      {
        "indexed": true,
        "internalType": "address",
        "name": "sender",
        "type": "address"
      }
    ],
    "name": "RoleGranted",
    "type": "event"
  },
  {
    "anonymous": false,
    "inputs": [
      {
        "indexed": true,
        "internalType": "bytes32",
        "name": "role",
        "type": "bytes32"
      },
      {
        "indexed": true,
        "internalType": "address",
        "name": "account",
        "type": "address"
      },
      {
        "indexed": true,
        "internalType": "address",
        "name": "sender",
        "type": "address"
      }
    ],
    "name": "RoleRevoked",
    "type": "event"
  },
  {
    "anonymous": false,
    "inputs": [
      {
        "indexed": false,
        "internalType": "address",
        "name": "oldTimelock",
        "type": "address"
      },
      {
        "indexed": false,
        "internalType": "address",
        "name": "newTimelock",
        "type": "address"
      }
    ],
    "name": "TimelockChange",
    "type": "event"
  },
  {
    "anonymous": false,
    "inputs": [
      {
        "indexed": false,
        "internalType": "address",
        "name": "account",
        "type": "address"
      }
    ],
    "name": "Unpaused",
    "type": "event"
  },
  {
    "anonymous": false,
    "inputs": [
      {
        "indexed": true,
        "internalType": "address",
        "name": "implementation",
        "type": "address"
      }
    ],
    "name": "Upgraded",
    "type": "event"
  },
  {
    "anonymous": false,
    "inputs": [
      {
        "indexed": true,
        "internalType": "address",
        "name": "oldVeBetterPassport",
        "type": "address"
      },
      {
        "indexed": true,
        "internalType": "address",
        "name": "newVeBetterPassport",
        "type": "address"
      }
    ],
    "name": "VeBetterPassportSet",
    "type": "event"
  },
  {
    "anonymous": false,
    "inputs": [
      {
        "indexed": true,
        "internalType": "address",
        "name": "voter",
        "type": "address"
      },
      {
        "indexed": true,
        "internalType": "uint256",
        "name": "proposalId",
        "type": "uint256"
      },
      {
        "indexed": false,
        "internalType": "uint8",
        "name": "support",
        "type": "uint8"
      },
      {
        "indexed": false,
        "internalType": "uint256",
        "name": "weight",
        "type": "uint256"
      },
      {
        "indexed": false,
        "internalType": "uint256",
        "name": "power",
        "type": "uint256"
      },
      {
        "indexed": false,
        "internalType": "string",
        "name": "reason",
        "type": "string"
      }
    ],
    "name": "VoteCast",
    "type": "event"
  },
  {
    "inputs": [],
    "name": "CLOCK_MODE",
    "outputs": [
      {
        "internalType": "string",
        "name": "",
        "type": "string"
      }
    ],
    "stateMutability": "view",
    "type": "function"
  },
  {
    "inputs": [],
    "name": "CONTRACTS_ADDRESS_MANAGER_ROLE",
    "outputs": [
      {
        "internalType": "bytes32",
        "name": "",
        "type": "bytes32"
      }
    ],
    "stateMutability": "view",
    "type": "function"
  },
  {
    "inputs": [],
    "name": "COUNTING_MODE",
    "outputs": [
      {
        "internalType": "string",
        "name": "",
        "type": "string"
      }
    ],
    "stateMutability": "pure",
    "type": "function"
  },
  {
    "inputs": [],
    "name": "DEFAULT_ADMIN_ROLE",
    "outputs": [
      {
        "internalType": "bytes32",
        "name": "",
        "type": "bytes32"
      }
    ],
    "stateMutability": "view",
    "type": "function"
  },
  {
    "inputs": [],
    "name": "GOVERNOR_FUNCTIONS_SETTINGS_ROLE",
    "outputs": [
      {
        "internalType": "bytes32",
        "name": "",
        "type": "bytes32"
      }
    ],
    "stateMutability": "view",
    "type": "function"
  },
  {
    "inputs": [],
    "name": "PAUSER_ROLE",
    "outputs": [
      {
        "internalType": "bytes32",
        "name": "",
        "type": "bytes32"
      }
    ],
    "stateMutability": "view",
    "type": "function"
  },
  {
    "inputs": [],
    "name": "PROPOSAL_EXECUTOR_ROLE",
    "outputs": [
      {
        "internalType": "bytes32",
        "name": "",
        "type": "bytes32"
      }
    ],
    "stateMutability": "view",
    "type": "function"
  },
  {
    "inputs": [],
    "name": "UPGRADE_INTERFACE_VERSION",
    "outputs": [
      {
        "internalType": "string",
        "name": "",
        "type": "string"
      }
    ],
    "stateMutability": "view",
    "type": "function"
  },
  {
    "inputs": [],
    "name": "b3tr",
    "outputs": [
      {
        "internalType": "contract IB3TR",
        "name": "",
        "type": "address"
      }
    ],
    "stateMutability": "view",
    "type": "function"
  },
  {
    "inputs": [],
    "name": "canProposalStartInNextRound",
    "outputs": [
      {
        "internalType": "bool",
        "name": "",
        "type": "bool"
      }
    ],
    "stateMutability": "view",
    "type": "function"
  },
  {
    "inputs": [
      {
        "internalType": "address[]",
        "name": "targets",
        "type": "address[]"
      },
      {
        "internalType": "uint256[]",
        "name": "values",
        "type": "uint256[]"
      },
      {
        "internalType": "bytes[]",
        "name": "calldatas",
        "type": "bytes[]"
      },
      {
        "internalType": "bytes32",
        "name": "descriptionHash",
        "type": "bytes32"
      }
    ],
    "name": "cancel",
    "outputs": [
      {
        "internalType": "uint256",
        "name": "",
        "type": "uint256"
      }
    ],
    "stateMutability": "nonpayable",
    "type": "function"
  },
  {
    "inputs": [
      {
        "internalType": "uint256",
        "name": "proposalId",
        "type": "uint256"
      },
      {
        "internalType": "uint8",
        "name": "support",
        "type": "uint8"
      }
    ],
    "name": "castVote",
    "outputs": [
      {
        "internalType": "uint256",
        "name": "",
        "type": "uint256"
      }
    ],
    "stateMutability": "nonpayable",
    "type": "function"
  },
  {
    "inputs": [
      {
        "internalType": "uint256",
        "name": "proposalId",
        "type": "uint256"
      },
      {
        "internalType": "uint8",
        "name": "support",
        "type": "uint8"
      },
      {
        "internalType": "string",
        "name": "reason",
        "type": "string"
      }
    ],
    "name": "castVoteWithReason",
    "outputs": [
      {
        "internalType": "uint256",
        "name": "",
        "type": "uint256"
      }
    ],
    "stateMutability": "nonpayable",
    "type": "function"
  },
  {
    "inputs": [],
    "name": "clock",
    "outputs": [
      {
        "internalType": "uint48",
        "name": "",
        "type": "uint48"
      }
    ],
    "stateMutability": "view",
    "type": "function"
  },
  {
    "inputs": [
      {
        "internalType": "uint256",
        "name": "amount",
        "type": "uint256"
      },
      {
        "internalType": "uint256",
        "name": "proposalId",
        "type": "uint256"
      }
    ],
    "name": "deposit",
    "outputs": [],
    "stateMutability": "nonpayable",
    "type": "function"
  },
  {
    "inputs": [],
    "name": "depositThreshold",
    "outputs": [
      {
        "internalType": "uint256",
        "name": "",
        "type": "uint256"
      }
    ],
    "stateMutability": "view",
    "type": "function"
  },
  {
    "inputs": [],
    "name": "depositThresholdPercentage",
    "outputs": [
      {
        "internalType": "uint256",
        "name": "",
        "type": "uint256"
      }
    ],
    "stateMutability": "view",
    "type": "function"
  },
  {
    "inputs": [
      {
        "internalType": "address[]",
        "name": "targets",
        "type": "address[]"
      },
      {
        "internalType": "uint256[]",
        "name": "values",
        "type": "uint256[]"
      },
      {
        "internalType": "bytes[]",
        "name": "calldatas",
        "type": "bytes[]"
      },
      {
        "internalType": "bytes32",
        "name": "descriptionHash",
        "type": "bytes32"
      }
    ],
    "name": "execute",
    "outputs": [
      {
        "internalType": "uint256",
        "name": "",
        "type": "uint256"
      }
    ],
    "stateMutability": "payable",
    "type": "function"
  },
  {
    "inputs": [
      {
        "internalType": "uint256",
        "name": "proposalId",
        "type": "uint256"
      }
    ],
    "name": "getProposalDeposits",
    "outputs": [
      {
        "internalType": "uint256",
        "name": "",
        "type": "uint256"
      }
    ],
    "stateMutability": "view",
    "type": "function"
  },
  {
    "inputs": [
      {
        "internalType": "address",
        "name": "account",
        "type": "address"
      },
      {
        "internalType": "uint256",
        "name": "timepoint",
        "type": "uint256"
      }
    ],
    "name": "getQuadraticVotingPower",
    "outputs": [
      {
        "internalType": "uint256",
        "name": "",
        "type": "uint256"
      }
    ],
    "stateMutability": "view",
    "type": "function"
  },
  {
    "inputs": [
      {
        "internalType": "bytes32",
        "name": "role",
        "type": "bytes32"
      }
    ],
    "name": "getRoleAdmin",
    "outputs": [
      {
        "internalType": "bytes32",
        "name": "",
        "type": "bytes32"
      }
    ],
    "stateMutability": "view",
    "type": "function"
  },
  {
    "inputs": [
      {
        "internalType": "uint256",
        "name": "proposalId",
        "type": "uint256"
      }
    ],
    "name": "getTimelockId",
    "outputs": [
      {
        "internalType": "bytes32",
        "name": "",
        "type": "bytes32"
      }
    ],
    "stateMutability": "view",
    "type": "function"
  },
  {
    "inputs": [
      {
        "internalType": "uint256",
        "name": "proposalId",
        "type": "uint256"
      },
      {
        "internalType": "address",
        "name": "user",
        "type": "address"
      }
    ],
    "name": "getUserDeposit",
    "outputs": [
      {
        "internalType": "uint256",
        "name": "",
        "type": "uint256"
      }
    ],
    "stateMutability": "view",
    "type": "function"
  },
  {
    "inputs": [
      {
        "internalType": "address",
        "name": "account",
        "type": "address"
      },
      {
        "internalType": "uint256",
        "name": "timepoint",
        "type": "uint256"
      }
    ],
    "name": "getVotes",
    "outputs": [
      {
        "internalType": "uint256",
        "name": "",
        "type": "uint256"
      }
    ],
    "stateMutability": "view",
    "type": "function"
  },
  {
    "inputs": [
      {
        "internalType": "bytes32",
        "name": "role",
        "type": "bytes32"
      },
      {
        "internalType": "address",
        "name": "account",
        "type": "address"
      }
    ],
    "name": "grantRole",
    "outputs": [],
    "stateMutability": "nonpayable",
    "type": "function"
  },
  {
    "inputs": [
      {
        "internalType": "bytes32",
        "name": "role",
        "type": "bytes32"
      },
      {
        "internalType": "address",
        "name": "account",
        "type": "address"
      }
    ],
    "name": "hasRole",
    "outputs": [
      {
        "internalType": "bool",
        "name": "",
        "type": "bool"
      }
    ],
    "stateMutability": "view",
    "type": "function"
  },
  {
    "inputs": [
      {
        "internalType": "uint256",
        "name": "proposalId",
        "type": "uint256"
      },
      {
        "internalType": "address",
        "name": "account",
        "type": "address"
      }
    ],
    "name": "hasVoted",
    "outputs": [
      {
        "internalType": "bool",
        "name": "",
        "type": "bool"
      }
    ],
    "stateMutability": "view",
    "type": "function"
  },
  {
    "inputs": [
      {
        "internalType": "address",
        "name": "user",
        "type": "address"
      }
    ],
    "name": "hasVotedOnce",
    "outputs": [
      {
        "internalType": "bool",
        "name": "",
        "type": "bool"
      }
    ],
    "stateMutability": "view",
    "type": "function"
  },
  {
    "inputs": [
      {
        "internalType": "address[]",
        "name": "targets",
        "type": "address[]"
      },
      {
        "internalType": "uint256[]",
        "name": "values",
        "type": "uint256[]"
      },
      {
        "internalType": "bytes[]",
        "name": "calldatas",
        "type": "bytes[]"
      },
      {
        "internalType": "bytes32",
        "name": "descriptionHash",
        "type": "bytes32"
      }
    ],
    "name": "hashProposal",
    "outputs": [
      {
        "internalType": "uint256",
        "name": "",
        "type": "uint256"
      }
    ],
    "stateMutability": "pure",
    "type": "function"
  },
  {
    "inputs": [
      {
        "components": [
          {
            "internalType": "contract IVOT3",
            "name": "vot3Token",
            "type": "address"
          },
          {
            "internalType": "contract TimelockControllerUpgradeable",
            "name": "timelock",
            "type": "address"
          },
          {
            "internalType": "contract IXAllocationVotingGovernor",
            "name": "xAllocationVoting",
            "type": "address"
          },
          {
            "internalType": "contract IB3TR",
            "name": "b3tr",
            "type": "address"
          },
          {
            "internalType": "uint256",
            "name": "quorumPercentage",
            "type": "uint256"
          },
          {
            "internalType": "uint256",
            "name": "initialDepositThreshold",
            "type": "uint256"
          },
          {
            "internalType": "uint256",
            "name": "initialMinVotingDelay",
            "type": "uint256"
          },
          {
            "internalType": "uint256",
            "name": "initialVotingThreshold",
            "type": "uint256"
          },
          {
            "internalType": "contract IVoterRewards",
            "name": "voterRewards",
            "type": "address"
          },
          {
            "internalType": "bool",
            "name": "isFunctionRestrictionEnabled",
            "type": "bool"
          }
        ],
        "internalType": "struct GovernorTypes.InitializationData",
        "name": "data",
        "type": "tuple"
      },
      {
        "components": [
          {
            "internalType": "address",
            "name": "governorAdmin",
            "type": "address"
          },
          {
            "internalType": "address",
            "name": "pauser",
            "type": "address"
          },
          {
            "internalType": "address",
            "name": "contractsAddressManager",
            "type": "address"
          },
          {
            "internalType": "address",
            "name": "proposalExecutor",
            "type": "address"
          },
          {
            "internalType": "address",
            "name": "governorFunctionSettingsRoleAddress",
            "type": "address"
          }
        ],
        "internalType": "struct GovernorTypes.InitializationRolesData",
        "name": "rolesData",
        "type": "tuple"
      }
    ],
    "name": "initialize",
    "outputs": [],
    "stateMutability": "nonpayable",
    "type": "function"
  },
  {
    "inputs": [
      {
        "internalType": "contract IVeBetterPassport",
        "name": "_veBetterPassport",
        "type": "address"
      }
    ],
    "name": "initializeV4",
    "outputs": [],
    "stateMutability": "nonpayable",
    "type": "function"
  },
  {
    "inputs": [
      {
        "internalType": "address",
        "name": "target",
        "type": "address"
      },
      {
        "internalType": "bytes4",
        "name": "functionSelector",
        "type": "bytes4"
      }
    ],
    "name": "isFunctionWhitelisted",
    "outputs": [
      {
        "internalType": "bool",
        "name": "",
        "type": "bool"
      }
    ],
    "stateMutability": "view",
    "type": "function"
  },
  {
    "inputs": [],
    "name": "isQuadraticVotingDisabledForCurrentRound",
    "outputs": [
      {
        "internalType": "bool",
        "name": "",
        "type": "bool"
      }
    ],
    "stateMutability": "view",
    "type": "function"
  },
  {
    "inputs": [
      {
        "internalType": "uint256",
        "name": "roundId",
        "type": "uint256"
      }
    ],
    "name": "isQuadraticVotingDisabledForRound",
    "outputs": [
      {
        "internalType": "bool",
        "name": "",
        "type": "bool"
      }
    ],
    "stateMutability": "view",
    "type": "function"
  },
  {
    "inputs": [],
    "name": "minVotingDelay",
    "outputs": [
      {
        "internalType": "uint256",
        "name": "",
        "type": "uint256"
      }
    ],
    "stateMutability": "view",
    "type": "function"
  },
  {
    "inputs": [],
    "name": "name",
    "outputs": [
      {
        "internalType": "string",
        "name": "",
        "type": "string"
      }
    ],
    "stateMutability": "view",
    "type": "function"
  },
  {
    "inputs": [
      {
        "internalType": "address",
        "name": "",
        "type": "address"
      },
      {
        "internalType": "address",
        "name": "",
        "type": "address"
      },
      {
        "internalType": "uint256[]",
        "name": "",
        "type": "uint256[]"
      },
      {
        "internalType": "uint256[]",
        "name": "",
        "type": "uint256[]"
      },
      {
        "internalType": "bytes",
        "name": "",
        "type": "bytes"
      }
    ],
    "name": "onERC1155BatchReceived",
    "outputs": [
      {
        "internalType": "bytes4",
        "name": "",
        "type": "bytes4"
      }
    ],
    "stateMutability": "nonpayable",
    "type": "function"
  },
  {
    "inputs": [
      {
        "internalType": "address",
        "name": "",
        "type": "address"
      },
      {
        "internalType": "address",
        "name": "",
        "type": "address"
      },
      {
        "internalType": "uint256",
        "name": "",
        "type": "uint256"
      },
      {
        "internalType": "uint256",
        "name": "",
        "type": "uint256"
      },
      {
        "internalType": "bytes",
        "name": "",
        "type": "bytes"
      }
    ],
    "name": "onERC1155Received",
    "outputs": [
      {
        "internalType": "bytes4",
        "name": "",
        "type": "bytes4"
      }
    ],
    "stateMutability": "nonpayable",
    "type": "function"
  },
  {
    "inputs": [
      {
        "internalType": "address",
        "name": "",
        "type": "address"
      },
      {
        "internalType": "address",
        "name": "",
        "type": "address"
      },
      {
        "internalType": "uint256",
        "name": "",
        "type": "uint256"
      },
      {
        "internalType": "bytes",
        "name": "",
        "type": "bytes"
      }
    ],
    "name": "onERC721Received",
    "outputs": [
      {
        "internalType": "bytes4",
        "name": "",
        "type": "bytes4"
      }
    ],
    "stateMutability": "nonpayable",
    "type": "function"
  },
  {
    "inputs": [],
    "name": "pause",
    "outputs": [],
    "stateMutability": "nonpayable",
    "type": "function"
  },
  {
    "inputs": [],
    "name": "paused",
    "outputs": [
      {
        "internalType": "bool",
        "name": "",
        "type": "bool"
      }
    ],
    "stateMutability": "view",
    "type": "function"
  },
  {
    "inputs": [
      {
        "internalType": "uint256",
        "name": "proposalId",
        "type": "uint256"
      }
    ],
    "name": "proposalDeadline",
    "outputs": [
      {
        "internalType": "uint256",
        "name": "",
        "type": "uint256"
      }
    ],
    "stateMutability": "view",
    "type": "function"
  },
  {
    "inputs": [
      {
        "internalType": "uint256",
        "name": "proposalId",
        "type": "uint256"
      }
    ],
    "name": "proposalDepositReached",
    "outputs": [
      {
        "internalType": "bool",
        "name": "",
        "type": "bool"
      }
    ],
    "stateMutability": "view",
    "type": "function"
  },
  {
    "inputs": [
      {
        "internalType": "uint256",
        "name": "proposalId",
        "type": "uint256"
      }
    ],
    "name": "proposalDepositThreshold",
    "outputs": [
      {
        "internalType": "uint256",
        "name": "",
        "type": "uint256"
      }
    ],
    "stateMutability": "view",
    "type": "function"
  },
  {
    "inputs": [
      {
        "internalType": "uint256",
        "name": "proposalId",
        "type": "uint256"
      }
    ],
    "name": "proposalEta",
    "outputs": [
      {
        "internalType": "uint256",
        "name": "",
        "type": "uint256"
      }
    ],
    "stateMutability": "view",
    "type": "function"
  },
  {
    "inputs": [
      {
        "internalType": "uint256",
        "name": "proposalId",
        "type": "uint256"
      }
    ],
    "name": "proposalNeedsQueuing",
    "outputs": [
      {
        "internalType": "bool",
        "name": "",
        "type": "bool"
      }
    ],
    "stateMutability": "view",
    "type": "function"
  },
  {
    "inputs": [
      {
        "internalType": "uint256",
        "name": "proposalId",
        "type": "uint256"
      }
    ],
    "name": "proposalProposer",
    "outputs": [
      {
        "internalType": "address",
        "name": "",
        "type": "address"
      }
    ],
    "stateMutability": "view",
    "type": "function"
  },
  {
    "inputs": [
      {
        "internalType": "uint256",
        "name": "proposalId",
        "type": "uint256"
      }
    ],
    "name": "proposalSnapshot",
    "outputs": [
      {
        "internalType": "uint256",
        "name": "",
        "type": "uint256"
      }
    ],
    "stateMutability": "view",
    "type": "function"
  },
  {
    "inputs": [
      {
        "internalType": "uint256",
        "name": "proposalId",
        "type": "uint256"
      }
    ],
    "name": "proposalStartRound",
    "outputs": [
      {
        "internalType": "uint256",
        "name": "",
        "type": "uint256"
      }
    ],
    "stateMutability": "view",
    "type": "function"
  },
  {
    "inputs": [
      {
        "internalType": "uint256",
        "name": "proposalId",
        "type": "uint256"
      }
    ],
    "name": "proposalTotalVotes",
    "outputs": [
      {
        "internalType": "uint256",
        "name": "",
        "type": "uint256"
      }
    ],
    "stateMutability": "view",
    "type": "function"
  },
  {
    "inputs": [
      {
        "internalType": "uint256",
        "name": "proposalId",
        "type": "uint256"
      }
    ],
    "name": "proposalVotes",
    "outputs": [
      {
        "internalType": "uint256",
        "name": "againstVotes",
        "type": "uint256"
      },
      {
        "internalType": "uint256",
        "name": "forVotes",
        "type": "uint256"
      },
      {
        "internalType": "uint256",
        "name": "abstainVotes",
        "type": "uint256"
      }
    ],
    "stateMutability": "view",
    "type": "function"
  },
  {
    "inputs": [
      {
        "internalType": "address[]",
        "name": "targets",
        "type": "address[]"
      },
      {
        "internalType": "uint256[]",
        "name": "values",
        "type": "uint256[]"
      },
      {
        "internalType": "bytes[]",
        "name": "calldatas",
        "type": "bytes[]"
      },
      {
        "internalType": "string",
        "name": "description",
        "type": "string"
      },
      {
        "internalType": "uint256",
        "name": "startRoundId",
        "type": "uint256"
      },
      {
        "internalType": "uint256",
        "name": "depositAmount",
        "type": "uint256"
      }
    ],
    "name": "propose",
    "outputs": [
      {
        "internalType": "uint256",
        "name": "",
        "type": "uint256"
      }
    ],
    "stateMutability": "nonpayable",
    "type": "function"
  },
  {
    "inputs": [],
    "name": "proxiableUUID",
    "outputs": [
      {
        "internalType": "bytes32",
        "name": "",
        "type": "bytes32"
      }
    ],
    "stateMutability": "view",
    "type": "function"
  },
  {
    "inputs": [
      {
        "internalType": "address[]",
        "name": "targets",
        "type": "address[]"
      },
      {
        "internalType": "uint256[]",
        "name": "values",
        "type": "uint256[]"
      },
      {
        "internalType": "bytes[]",
        "name": "calldatas",
        "type": "bytes[]"
      },
      {
        "internalType": "bytes32",
        "name": "descriptionHash",
        "type": "bytes32"
      }
    ],
    "name": "queue",
    "outputs": [
      {
        "internalType": "uint256",
        "name": "",
        "type": "uint256"
      }
    ],
    "stateMutability": "nonpayable",
    "type": "function"
  },
  {
    "inputs": [
      {
        "internalType": "uint256",
        "name": "blockNumber",
        "type": "uint256"
      }
    ],
    "name": "quorum",
    "outputs": [
      {
        "internalType": "uint256",
        "name": "",
        "type": "uint256"
      }
    ],
    "stateMutability": "view",
    "type": "function"
  },
  {
    "inputs": [],
    "name": "quorumDenominator",
    "outputs": [
      {
        "internalType": "uint256",
        "name": "",
        "type": "uint256"
      }
    ],
    "stateMutability": "pure",
    "type": "function"
  },
  {
    "inputs": [
      {
        "internalType": "uint256",
        "name": "timepoint",
        "type": "uint256"
      }
    ],
    "name": "quorumNumerator",
    "outputs": [
      {
        "internalType": "uint256",
        "name": "",
        "type": "uint256"
      }
    ],
    "stateMutability": "view",
    "type": "function"
  },
  {
    "inputs": [],
    "name": "quorumNumerator",
    "outputs": [
      {
        "internalType": "uint256",
        "name": "",
        "type": "uint256"
      }
    ],
    "stateMutability": "view",
    "type": "function"
  },
  {
    "inputs": [
      {
        "internalType": "uint256",
        "name": "proposalId",
        "type": "uint256"
      }
    ],
    "name": "quorumReached",
    "outputs": [
      {
        "internalType": "bool",
        "name": "",
        "type": "bool"
      }
    ],
    "stateMutability": "view",
    "type": "function"
  },
  {
    "inputs": [
      {
        "internalType": "address",
        "name": "target",
        "type": "address"
      },
      {
        "internalType": "uint256",
        "name": "value",
        "type": "uint256"
      },
      {
        "internalType": "bytes",
        "name": "data",
        "type": "bytes"
      }
    ],
    "name": "relay",
    "outputs": [],
    "stateMutability": "payable",
    "type": "function"
  },
  {
    "inputs": [
      {
        "internalType": "bytes32",
        "name": "role",
        "type": "bytes32"
      },
      {
        "internalType": "address",
        "name": "callerConfirmation",
        "type": "address"
      }
    ],
    "name": "renounceRole",
    "outputs": [],
    "stateMutability": "nonpayable",
    "type": "function"
  },
  {
    "inputs": [
      {
        "internalType": "bytes32",
        "name": "role",
        "type": "bytes32"
      },
      {
        "internalType": "address",
        "name": "account",
        "type": "address"
      }
    ],
    "name": "revokeRole",
    "outputs": [],
    "stateMutability": "nonpayable",
    "type": "function"
  },
  {
    "inputs": [
      {
        "internalType": "uint256",
        "name": "newDepositThreshold",
        "type": "uint256"
      }
    ],
    "name": "setDepositThresholdPercentage",
    "outputs": [],
    "stateMutability": "nonpayable",
    "type": "function"
  },
  {
    "inputs": [
      {
        "internalType": "bool",
        "name": "isEnabled",
        "type": "bool"
      }
    ],
    "name": "setIsFunctionRestrictionEnabled",
    "outputs": [],
    "stateMutability": "nonpayable",
    "type": "function"
  },
  {
    "inputs": [
      {
        "internalType": "uint256",
        "name": "newMinVotingDelay",
        "type": "uint256"
      }
    ],
    "name": "setMinVotingDelay",
    "outputs": [],
    "stateMutability": "nonpayable",
    "type": "function"
  },
  {
    "inputs": [
      {
        "internalType": "contract IVeBetterPassport",
        "name": "newVeBetterPassport",
        "type": "address"
      }
    ],
    "name": "setVeBetterPassport",
    "outputs": [],
    "stateMutability": "nonpayable",
    "type": "function"
  },
  {
    "inputs": [
      {
        "internalType": "contract IVoterRewards",
        "name": "newVoterRewards",
        "type": "address"
      }
    ],
    "name": "setVoterRewards",
    "outputs": [],
    "stateMutability": "nonpayable",
    "type": "function"
  },
  {
    "inputs": [
      {
        "internalType": "uint256",
        "name": "newVotingThreshold",
        "type": "uint256"
      }
    ],
    "name": "setVotingThreshold",
    "outputs": [],
    "stateMutability": "nonpayable",
    "type": "function"
  },
  {
    "inputs": [
      {
        "internalType": "address",
        "name": "target",
        "type": "address"
      },
      {
        "internalType": "bytes4",
        "name": "functionSelector",
        "type": "bytes4"
      },
      {
        "internalType": "bool",
        "name": "isWhitelisted",
        "type": "bool"
      }
    ],
    "name": "setWhitelistFunction",
    "outputs": [],
    "stateMutability": "nonpayable",
    "type": "function"
  },
  {
    "inputs": [
      {
        "internalType": "address",
        "name": "target",
        "type": "address"
      },
      {
        "internalType": "bytes4[]",
        "name": "functionSelectors",
        "type": "bytes4[]"
      },
      {
        "internalType": "bool",
        "name": "isWhitelisted",
        "type": "bool"
      }
    ],
    "name": "setWhitelistFunctions",
    "outputs": [],
    "stateMutability": "nonpayable",
    "type": "function"
  },
  {
    "inputs": [
      {
        "internalType": "contract IXAllocationVotingGovernor",
        "name": "newXAllocationVoting",
        "type": "address"
      }
    ],
    "name": "setXAllocationVoting",
    "outputs": [],
    "stateMutability": "nonpayable",
    "type": "function"
  },
  {
    "inputs": [
      {
        "internalType": "uint256",
        "name": "proposalId",
        "type": "uint256"
      }
    ],
    "name": "state",
    "outputs": [
      {
        "internalType": "enum GovernorTypes.ProposalState",
        "name": "",
        "type": "uint8"
      }
    ],
    "stateMutability": "view",
    "type": "function"
  },
  {
    "inputs": [
      {
        "internalType": "bytes4",
        "name": "interfaceId",
        "type": "bytes4"
      }
    ],
    "name": "supportsInterface",
    "outputs": [
      {
        "internalType": "bool",
        "name": "",
        "type": "bool"
      }
    ],
    "stateMutability": "pure",
    "type": "function"
  },
  {
    "inputs": [],
    "name": "timelock",
    "outputs": [
      {
        "internalType": "address",
        "name": "",
        "type": "address"
      }
    ],
    "stateMutability": "view",
    "type": "function"
  },
  {
    "inputs": [
      {
        "internalType": "bytes32",
        "name": "descriptionHash",
        "type": "bytes32"
      }
    ],
    "name": "timelockSalt",
    "outputs": [
      {
        "internalType": "bytes32",
        "name": "",
        "type": "bytes32"
      }
    ],
    "stateMutability": "view",
    "type": "function"
  },
  {
    "inputs": [],
    "name": "toggleQuadraticVoting",
    "outputs": [],
    "stateMutability": "nonpayable",
    "type": "function"
  },
  {
    "inputs": [],
    "name": "token",
    "outputs": [
      {
        "internalType": "contract IVOT3",
        "name": "",
        "type": "address"
      }
    ],
    "stateMutability": "view",
    "type": "function"
  },
  {
    "inputs": [],
    "name": "unpause",
    "outputs": [],
    "stateMutability": "nonpayable",
    "type": "function"
  },
  {
    "inputs": [
      {
        "internalType": "uint256",
        "name": "newQuorumNumerator",
        "type": "uint256"
      }
    ],
    "name": "updateQuorumNumerator",
    "outputs": [],
    "stateMutability": "nonpayable",
    "type": "function"
  },
  {
    "inputs": [
      {
        "internalType": "contract TimelockControllerUpgradeable",
        "name": "newTimelock",
        "type": "address"
      }
    ],
    "name": "updateTimelock",
    "outputs": [],
    "stateMutability": "nonpayable",
    "type": "function"
  },
  {
    "inputs": [
      {
        "internalType": "address",
        "name": "newImplementation",
        "type": "address"
      },
      {
        "internalType": "bytes",
        "name": "data",
        "type": "bytes"
      }
    ],
    "name": "upgradeToAndCall",
    "outputs": [],
    "stateMutability": "payable",
    "type": "function"
  },
  {
    "inputs": [],
    "name": "veBetterPassport",
    "outputs": [
      {
        "internalType": "contract IVeBetterPassport",
        "name": "",
        "type": "address"
      }
    ],
    "stateMutability": "view",
    "type": "function"
  },
  {
    "inputs": [],
    "name": "version",
    "outputs": [
      {
        "internalType": "string",
        "name": "",
        "type": "string"
      }
    ],
    "stateMutability": "pure",
    "type": "function"
  },
  {
    "inputs": [],
    "name": "voterRewards",
    "outputs": [
      {
        "internalType": "contract IVoterRewards",
        "name": "",
        "type": "address"
      }
    ],
    "stateMutability": "view",
    "type": "function"
  },
  {
    "inputs": [],
    "name": "votingPeriod",
    "outputs": [
      {
        "internalType": "uint256",
        "name": "",
        "type": "uint256"
      }
    ],
    "stateMutability": "view",
    "type": "function"
  },
  {
    "inputs": [],
    "name": "votingThreshold",
    "outputs": [
      {
        "internalType": "uint256",
        "name": "",
        "type": "uint256"
      }
    ],
    "stateMutability": "view",
    "type": "function"
  },
  {
    "inputs": [
      {
        "internalType": "uint256",
        "name": "proposalId",
        "type": "uint256"
      },
      {
        "internalType": "address",
        "name": "depositor",
        "type": "address"
      }
    ],
    "name": "withdraw",
    "outputs": [],
    "stateMutability": "nonpayable",
    "type": "function"
  },
  {
    "inputs": [],
    "name": "xAllocationVoting",
    "outputs": [
      {
        "internalType": "contract IXAllocationVotingGovernor",
        "name": "",
        "type": "address"
      }
    ],
    "stateMutability": "view",
    "type": "function"
  },
  {
    "stateMutability": "payable",
    "type": "receive"
  }
]
