[
	{
		"inputs": [],
		"stateMutability": "nonpayable",
		"type": "constructor"
	},
	{
		"anonymous": false,
		"inputs": [
			{
				"indexed": true,
				"internalType": "address",
				"name": "fromAddress",
				"type": "address"
			},
			{
				"indexed": false,
				"internalType": "uint256",
				"name": "messageId",
				"type": "uint256"
			}
		],
		"name": "Confirmation",
		"type": "event"
	},
	{
		"anonymous": false,
		"inputs": [
			{
				"indexed": true,
				"internalType": "address",
				"name": "fromAddress",
				"type": "address"
			},
			{
				"indexed": true,
				"internalType": "address",
				"name": "toAddress",
				"type": "address"
			},
			{
				"indexed": false,
				"internalType": "string",
				"name": "message",
				"type": "string"
			}
		],
		"name": "Message",
		"type": "event"
	},
	{
		"anonymous": false,
		"inputs": [
			{
				"indexed": false,
				"internalType": "address",
				"name": "account",
				"type": "address"
			}
		],
		"name": "Paused",
		"type": "event"
	},
	{
		"anonymous": false,
		"inputs": [
			{
				"indexed": true,
				"internalType": "bytes32",
				"name": "role",
				"type": "bytes32"
			},
			{
				"indexed": true,
				"internalType": "bytes32",
				"name": "previousAdminRole",
				"type": "bytes32"
			},
			{
				"indexed": true,
				"internalType": "bytes32",
				"name": "newAdminRole",
				"type": "bytes32"
			}
		],
		"name": "RoleAdminChanged",
		"type": "event"
	},
	{
		"anonymous": false,
		"inputs": [
			{
				"indexed": true,
				"internalType": "bytes32",
				"name": "role",
				"type": "bytes32"
			},
			{
				"indexed": true,
				"internalType": "address",
				"name": "account",
				"type": "address"
			},
			{
				"indexed": true,
				"internalType": "address",
				"name": "sender",
				"type": "address"
			}
		],
		"name": "RoleGranted",
		"type": "event"
	},
	{
		"anonymous": false,
		"inputs": [
			{
				"indexed": true,
				"internalType": "bytes32",
				"name": "role",
				"type": "bytes32"
			},
			{
				"indexed": true,
				"internalType": "address",
				"name": "account",
				"type": "address"
			},
			{
				"indexed": true,
				"internalType": "address",
				"name": "sender",
				"type": "address"
			}
		],
		"name": "RoleRevoked",
		"type": "event"
	},
	{
		"anonymous": false,
		"inputs": [
			{
				"indexed": false,
				"internalType": "address",
				"name": "account",
				"type": "address"
			}
		],
		"name": "Unpaused",
		"type": "event"
	},
	{
		"inputs": [
			{
				"internalType": "address",
				"name": "toAddress",
				"type": "address"
			},
			{
				"internalType": "string",
				"name": "messageText",
				"type": "string"
			}
		],
		"name": "broadcast",
		"outputs": [],
		"stateMutability": "nonpayable",
		"type": "function"
	},
	{
		"inputs": [
			{
				"internalType": "uint256",
				"name": "messageId",
				"type": "uint256"
			}
		],
		"name": "confirm",
		"outputs": [],
		"stateMutability": "nonpayable",
		"type": "function"
	},
	{
		"inputs": [
			{
				"internalType": "bytes4",
				"name": "interfaceId",
				"type": "bytes4"
			}
		],
		"name": "supportsInterface",
		"outputs": [
			{
				"internalType": "bool",
				"name": "",
				"type": "bool"
			}
		],
		"stateMutability": "view",
		"type": "function"
	}
]