[
  {
    "inputs": [
      {
        "internalType": "string[]",
        "name": "names",
        "type": "string[]"
      }
    ],
    "name": "getAddresses",
    "outputs": [
      {
        "internalType": "address[]",
        "name": "addresses",
        "type": "address[]"
      }
    ],
    "stateMutability": "view",
    "type": "function"
  },
  {
    "inputs": [
      {
        "internalType": "address[]",
        "name": "addresses",
        "type": "address[]"
      }
    ],
    "name": "getNames",
    "outputs": [
      {
        "internalType": "string[]",
        "name": "names",
        "type": "string[]"
      }
    ],
    "stateMutability": "view",
    "type": "function"
  },
  {
    "inputs": [
      {
        "internalType": "string[]",
        "name": "names",
        "type": "string[]"
      }
    ],
    "name": "getNamehashes",
    "outputs": [
      {
        "internalType": "bytes32[]",
        "name": "nodes",
        "type": "bytes32[]"
      }
    ],
    "stateMutability": "pure",
    "type": "function"
  }
]
