[
    {
      "constant": false,
      "inputs": [],
      "name": "unpause",
      "outputs": [],
      "payable": false,
      "stateMutability": "nonpayable",
      "type": "function"
    },
    {
      "constant": false,
      "inputs": [
        {
          "name": "_badGuy",
          "type": "address"
        }
      ],
      "name": "addToBlackList",
      "outputs": [],
      "payable": false,
      "stateMutability": "nonpayable",
      "type": "function"
    },
    {
      "constant": true,
      "inputs": [
        {
          "name": "",
          "type": "address"
        }
      ],
      "name": "blackList",
      "outputs": [
        {
          "name": "",
          "type": "bool"
        }
      ],
      "payable": false,
      "stateMutability": "view",
      "type": "function"
    },
    {
      "constant": false,
      "inputs": [
        {
          "name": "_innocent",
          "type": "address"
        }
      ],
      "name": "removeFromBlackList",
      "outputs": [],
      "payable": false,
      "stateMutability": "nonpayable",
      "type": "function"
    },
    {
      "constant": true,
      "inputs": [],
      "name": "paused",
      "outputs": [
        {
          "name": "",
          "type": "bool"
        }
      ],
      "payable": false,
      "stateMutability": "view",
      "type": "function"
    },
    {
      "constant": false,
      "inputs": [],
      "name": "renounceOwnership",
      "outputs": [],
      "payable": false,
      "stateMutability": "nonpayable",
      "type": "function"
    },
    {
      "constant": false,
      "inputs": [],
      "name": "pause",
      "outputs": [],
      "payable": false,
      "stateMutability": "nonpayable",
      "type": "function"
    },
    {
      "constant": true,
      "inputs": [],
      "name": "owner",
      "outputs": [
        {
          "name": "",
          "type": "address"
        }
      ],
      "payable": false,
      "stateMutability": "view",
      "type": "function"
    },
    {
      "constant": true,
      "inputs": [],
      "name": "isOwner",
      "outputs": [
        {
          "name": "",
          "type": "bool"
        }
      ],
      "payable": false,
      "stateMutability": "view",
      "type": "function"
    },
    {
      "constant": true,
      "inputs": [
        {
          "name": "_target",
          "type": "address"
        },
        {
          "name": "_blockNumber",
          "type": "uint256"
        }
      ],
      "name": "balanceAtBlock",
      "outputs": [
        {
          "name": "",
          "type": "uint256"
        }
      ],
      "payable": false,
      "stateMutability": "view",
      "type": "function"
    },
    {
      "constant": false,
      "inputs": [
        {
          "name": "newOwner",
          "type": "address"
        }
      ],
      "name": "transferOwnership",
      "outputs": [],
      "payable": false,
      "stateMutability": "nonpayable",
      "type": "function"
    },
    {
      "anonymous": false,
      "inputs": [
        {
          "indexed": true,
          "name": "proposalId",
          "type": "uint256"
        },
        {
          "indexed": true,
          "name": "creator",
          "type": "address"
        }
      ],
      "name": "NewProposal",
      "type": "event"
    },
    {
      "anonymous": false,
      "inputs": [
        {
          "indexed": true,
          "name": "proposalId",
          "type": "uint256"
        }
      ],
      "name": "ProposalCanceled",
      "type": "event"
    },
    {
      "anonymous": false,
      "inputs": [
        {
          "indexed": true,
          "name": "proposalId",
          "type": "uint256"
        }
      ],
      "name": "ProposalConditionChanged",
      "type": "event"
    },
    {
      "anonymous": false,
      "inputs": [
        {
          "indexed": true,
          "name": "proposalId",
          "type": "uint256"
        },
        {
          "indexed": true,
          "name": "visitor",
          "type": "address"
        }
      ],
      "name": "ProposalWhitelist",
      "type": "event"
    },
    {
      "anonymous": false,
      "inputs": [
        {
          "indexed": true,
          "name": "proposalId",
          "type": "uint256"
        },
        {
          "indexed": true,
          "name": "voter",
          "type": "address"
        },
        {
          "indexed": false,
          "name": "options",
          "type": "uint16"
        }
      ],
      "name": "NewVote",
      "type": "event"
    },
    {
      "anonymous": false,
      "inputs": [
        {
          "indexed": true,
          "name": "_badGuy",
          "type": "address"
        }
      ],
      "name": "BlockList",
      "type": "event"
    },
    {
      "anonymous": false,
      "inputs": [
        {
          "indexed": true,
          "name": "_innocent",
          "type": "address"
        }
      ],
      "name": "RemoveFromBlockList",
      "type": "event"
    },
    {
      "anonymous": false,
      "inputs": [],
      "name": "Paused",
      "type": "event"
    },
    {
      "anonymous": false,
      "inputs": [],
      "name": "Unpaused",
      "type": "event"
    },
    {
      "anonymous": false,
      "inputs": [
        {
          "indexed": true,
          "name": "previousOwner",
          "type": "address"
        },
        {
          "indexed": true,
          "name": "newOwner",
          "type": "address"
        }
      ],
      "name": "OwnershipTransferred",
      "type": "event"
    },
    {
      "constant": false,
      "inputs": [
        {
          "name": "_title",
          "type": "string"
        },
        {
          "name": "_checkType",
          "type": "uint8"
        },
        {
          "name": "_votingStartTime",
          "type": "uint64"
        },
        {
          "name": "_votingEndTime",
          "type": "uint64"
        },
        {
          "name": "_minChecked",
          "type": "uint8"
        },
        {
          "name": "_maxChecked",
          "type": "uint8"
        },
        {
          "name": "_checkpoint",
          "type": "uint256"
        },
        {
          "name": "_checkBalance",
          "type": "uint256"
        },
        {
          "name": "_whitelist",
          "type": "address[10]"
        },
        {
          "name": "_options",
          "type": "bytes32[10]"
        }
      ],
      "name": "newProposal",
      "outputs": [
        {
          "name": "",
          "type": "uint256"
        }
      ],
      "payable": false,
      "stateMutability": "nonpayable",
      "type": "function"
    },
    {
      "constant": false,
      "inputs": [
        {
          "name": "_proposalId",
          "type": "uint256"
        },
        {
          "name": "_options",
          "type": "uint16"
        }
      ],
      "name": "cast",
      "outputs": [],
      "payable": false,
      "stateMutability": "nonpayable",
      "type": "function"
    },
    {
      "constant": false,
      "inputs": [
        {
          "name": "_proposalId",
          "type": "uint256"
        }
      ],
      "name": "cancelProposal",
      "outputs": [],
      "payable": false,
      "stateMutability": "nonpayable",
      "type": "function"
    },
    {
      "constant": true,
      "inputs": [
        {
          "name": "_proposalId",
          "type": "uint256"
        },
        {
          "name": "_voter",
          "type": "address"
        }
      ],
      "name": "hasCast",
      "outputs": [
        {
          "name": "isCasted",
          "type": "bool"
        }
      ],
      "payable": false,
      "stateMutability": "view",
      "type": "function"
    },
    {
      "constant": true,
      "inputs": [
        {
          "name": "_proposalId",
          "type": "uint256"
        }
      ],
      "name": "getBasicInfo",
      "outputs": [
        {
          "name": "title",
          "type": "string"
        },
        {
          "name": "checkType",
          "type": "uint8"
        },
        {
          "name": "minChecked",
          "type": "uint8"
        },
        {
          "name": "maxChecked",
          "type": "uint8"
        },
        {
          "name": "creator",
          "type": "address"
        },
        {
          "name": "createTime",
          "type": "uint64"
        },
        {
          "name": "cancelTime",
          "type": "uint64"
        },
        {
          "name": "options",
          "type": "bytes32[10]"
        }
      ],
      "payable": false,
      "stateMutability": "view",
      "type": "function"
    },
    {
      "constant": true,
      "inputs": [
        {
          "name": "_proposalId",
          "type": "uint256"
        }
      ],
      "name": "getCondition",
      "outputs": [
        {
          "name": "checkpoint",
          "type": "uint256"
        },
        {
          "name": "checkBalance",
          "type": "uint256"
        },
        {
          "name": "votingStartTime",
          "type": "uint64"
        },
        {
          "name": "votingEndTime",
          "type": "uint64"
        }
      ],
      "payable": false,
      "stateMutability": "view",
      "type": "function"
    },
    {
      "constant": true,
      "inputs": [
        {
          "name": "_proposalId",
          "type": "uint256"
        },
        {
          "name": "_target",
          "type": "address"
        }
      ],
      "name": "accessProposal",
      "outputs": [
        {
          "name": "isAccess",
          "type": "bool"
        }
      ],
      "payable": false,
      "stateMutability": "view",
      "type": "function"
    },
    {
      "constant": true,
      "inputs": [
        {
          "name": "_proposalId",
          "type": "uint256"
        },
        {
          "name": "_voter",
          "type": "address"
        }
      ],
      "name": "getVoterOptions",
      "outputs": [
        {
          "name": "option",
          "type": "uint16"
        }
      ],
      "payable": false,
      "stateMutability": "view",
      "type": "function"
    },
    {
      "constant": true,
      "inputs": [
        {
          "name": "_proposalId",
          "type": "uint256"
        }
      ],
      "name": "getTally",
      "outputs": [
        {
          "name": "tally",
          "type": "uint64[10]"
        }
      ],
      "payable": false,
      "stateMutability": "view",
      "type": "function"
    },
    {
      "constant": true,
      "inputs": [
        {
          "name": "_proposalId",
          "type": "uint256"
        }
      ],
      "name": "status",
      "outputs": [
        {
          "name": "currentStatus",
          "type": "uint8"
        }
      ],
      "payable": false,
      "stateMutability": "view",
      "type": "function"
    }
  ]
