[{
  "inputs": [
    {
      "internalType": "uint256",
      "name": "burnQuantity",
      "type": "uint256"
    }
  ],
  "name": "burn",
  "outputs": [
    {
      "internalType": "bool",
      "name": "",
      "type": "bool"
    }
  ],
  "stateMutability": "nonpayable",
  "type": "function"
},{
  "inputs": [
    {
      "internalType": "uint256[]",
      "name": "tokenIndices",
      "type": "uint256[]"
    }
  ],
  "name": "claimGenesis",
  "outputs": [
    {
      "internalType": "uint256",
      "name": "",
      "type": "uint256"
    }
  ],
  "stateMutability": "nonpayable",
  "type": "function"
},{
  "inputs": [
    {
      "internalType": "uint256[]",
      "name": "tokenIndices",
      "type": "uint256[]"
    }
  ],
  "name": "claimSpecial",
  "outputs": [
    {
      "internalType": "uint256",
      "name": "",
      "type": "uint256"
    }
  ],
  "stateMutability": "nonpayable",
  "type": "function"
}]
